task_name,method,k_label,k,effective_k,test_rows,positive_denominator,positive_selected,positive_recall_at_k,positive_fraction_at_k,background_positive_fraction,enrichment_at_k,unique_scaffolds_at_k,dominant_scaffold_fraction_at_k,mean_ad_distance_risk_at_k,average_precision,auroc
hERG,random_fixed_seed,K50,50,50,132,83,35,0.42168674698795183,0.7,0.6287878787878788,1.1132530120481927,41,0.1,0.5881993988922714,0.723604868549705,0.6174084091467912
hERG,random_fixed_seed,K100,100,100,132,83,68,0.8192771084337349,0.68,0.6287878787878788,1.0814457831325301,65,0.1,0.5905968824505625,0.723604868549705,0.6174084091467912
hERG,random_fixed_seed,Top20pct,26,26,132,83,19,0.2289156626506024,0.7307692307692307,0.6287878787878788,1.1621872103799813,25,0.07692307692307693,0.6006630296056701,0.723604868549705,0.6174084091467912
hERG,tuned_rf_activity_only,K50,50,50,132,83,46,0.5542168674698795,0.92,0.6287878787878788,1.463132530120482,32,0.12,0.5489079710839169,0.8934959636577492,0.866978116547824
hERG,tuned_rf_activity_only,K100,100,100,132,83,78,0.9397590361445783,0.78,0.6287878787878788,1.2404819277108434,61,0.12,0.5920418492078698,0.8934959636577492,0.866978116547824
hERG,tuned_rf_activity_only,Top20pct,26,26,132,83,24,0.2891566265060241,0.9230769230769231,0.6287878787878788,1.468025949953661,18,0.15384615384615385,0.461246420549413,0.8934959636577492,0.866978116547824
hERG,tuned_rf_scaffold_quota,K50,50,50,132,83,43,0.5180722891566265,0.86,0.6287878787878788,1.367710843373494,50,0.02,0.5677150813742395,0.8934959636577492,0.866978116547824
hERG,tuned_rf_scaffold_quota,K100,100,100,132,83,66,0.7951807228915663,0.66,0.6287878787878788,1.0496385542168676,82,0.06,0.5931307731404356,0.8934959636577492,0.866978116547824
hERG,tuned_rf_scaffold_quota,Top20pct,26,26,132,83,23,0.27710843373493976,0.8846153846153846,0.6287878787878788,1.4068582020389249,26,0.038461538461538464,0.5166602641915301,0.8934959636577492,0.866978116547824
hERG,tuned_rf_ad_distance_guard,K50,50,50,132,83,43,0.5180722891566265,0.86,0.6287878787878788,1.367710843373494,50,0.02,0.5586868682080953,0.8979962763742223,0.8723875092205556
hERG,tuned_rf_ad_distance_guard,K100,100,100,132,83,66,0.7951807228915663,0.66,0.6287878787878788,1.0496385542168676,82,0.05,0.58961394502082,0.8979962763742223,0.8723875092205556
hERG,tuned_rf_ad_distance_guard,Top20pct,26,26,132,83,24,0.2891566265060241,0.9230769230769231,0.6287878787878788,1.468025949953661,26,0.038461538461538464,0.49573033361486046,0.8979962763742223,0.8723875092205556
hERG,tuned_rf_uncertainty_only_guard,K50,50,50,132,83,43,0.5180722891566265,0.86,0.6287878787878788,1.367710843373494,50,0.02,0.5680275813742395,0.8933464266967875,0.8659945906073273
hERG,tuned_rf_uncertainty_only_guard,K100,100,100,132,83,66,0.7951807228915663,0.66,0.6287878787878788,1.0496385542168676,82,0.06,0.5931307731404356,0.8933464266967875,0.8659945906073273
hERG,tuned_rf_uncertainty_only_guard,Top20pct,26,26,132,83,23,0.27710843373493976,0.8846153846153846,0.6287878787878788,1.4068582020389249,26,0.038461538461538464,0.5172612257299917,0.8933464266967875,0.8659945906073273
hERG,tuned_rf_conformal_rejection_baseline,K50,50,50,132,83,43,0.5180722891566265,0.86,0.6287878787878788,1.367710843373494,50,0.02,0.5677150813742395,0.8934959636577492,0.866978116547824
hERG,tuned_rf_conformal_rejection_baseline,K100,100,100,132,83,66,0.7951807228915663,0.66,0.6287878787878788,1.0496385542168676,82,0.06,0.5931307731404356,0.8934959636577492,0.866978116547824
hERG,tuned_rf_conformal_rejection_baseline,Top20pct,26,26,132,83,23,0.27710843373493976,0.8846153846153846,0.6287878787878788,1.4068582020389249,26,0.038461538461538464,0.5166602641915301,0.8934959636577492,0.866978116547824
hERG,tuned_rf_ucb_uncertainty_proxy,K50,50,50,132,83,43,0.5180722891566265,0.86,0.6287878787878788,1.367710843373494,50,0.02,0.5680275813742395,0.8917107381933363,0.8659945906073273
hERG,tuned_rf_ucb_uncertainty_proxy,K100,100,100,132,83,66,0.7951807228915663,0.66,0.6287878787878788,1.0496385542168676,82,0.06,0.5931307731404355,0.8917107381933363,0.8659945906073273
hERG,tuned_rf_ucb_uncertainty_proxy,Top20pct,26,26,132,83,23,0.27710843373493976,0.8846153846153846,0.6287878787878788,1.4068582020389249,26,0.038461538461538464,0.5172612257299917,0.8917107381933363,0.8659945906073273
hERG,tuned_hgb_activity_only,K50,50,50,132,83,45,0.5421686746987951,0.9,0.6287878787878788,1.4313253012048193,31,0.16,0.5696009183490119,0.871599495048289,0.8529628718957464
hERG,tuned_hgb_activity_only,K100,100,100,132,83,78,0.9397590361445783,0.78,0.6287878787878788,1.2404819277108434,59,0.12,0.5815533325409541,0.871599495048289,0.8529628718957464
hERG,tuned_hgb_activity_only,Top20pct,26,26,132,83,23,0.27710843373493976,0.8846153846153846,0.6287878787878788,1.4068582020389249,21,0.07692307692307693,0.589757294808819,0.871599495048289,0.8529628718957464
hERG,tuned_hgb_scaffold_quota,K50,50,50,132,83,42,0.5060240963855421,0.84,0.6287878787878788,1.3359036144578313,50,0.02,0.5593982523699106,0.871599495048289,0.8529628718957464
hERG,tuned_hgb_scaffold_quota,K100,100,100,132,83,67,0.8072289156626506,0.67,0.6287878787878788,1.0655421686746989,82,0.07,0.5984664238644759,0.871599495048289,0.8529628718957464
hERG,tuned_hgb_scaffold_quota,Top20pct,26,26,132,83,24,0.2891566265060241,0.9230769230769231,0.6287878787878788,1.468025949953661,26,0.038461538461538464,0.5509398556776147,0.871599495048289,0.8529628718957464
hERG,tuned_hgb_ad_distance_guard,K50,50,50,132,83,42,0.5060240963855421,0.84,0.6287878787878788,1.3359036144578313,50,0.02,0.5552871412587994,0.8939138484176548,0.8544381608064913
hERG,tuned_hgb_ad_distance_guard,K100,100,100,132,83,67,0.8072289156626506,0.67,0.6287878787878788,1.0655421686746989,82,0.05,0.5886747846960219,0.8939138484176548,0.8544381608064913
hERG,tuned_hgb_ad_distance_guard,Top20pct,26,26,132,83,23,0.27710843373493976,0.8846153846153846,0.6287878787878788,1.4068582020389249,26,0.038461538461538464,0.5052622307539525,0.8939138484176548,0.8544381608064913
hERG,tuned_hgb_uncertainty_only_guard,K50,50,50,132,83,42,0.5060240963855421,0.84,0.6287878787878788,1.3359036144578313,50,0.02,0.5593982523699106,0.871599495048289,0.8529628718957464
hERG,tuned_hgb_uncertainty_only_guard,K100,100,100,132,83,67,0.8072289156626506,0.67,0.6287878787878788,1.0655421686746989,82,0.07,0.5984664238644759,0.871599495048289,0.8529628718957464
hERG,tuned_hgb_uncertainty_only_guard,Top20pct,26,26,132,83,24,0.2891566265060241,0.9230769230769231,0.6287878787878788,1.468025949953661,26,0.038461538461538464,0.5509398556776147,0.871599495048289,0.8529628718957464
hERG,tuned_hgb_conformal_rejection_baseline,K50,50,50,132,83,42,0.5060240963855421,0.84,0.6287878787878788,1.3359036144578313,50,0.02,0.5593982523699106,0.871599495048289,0.8529628718957464
hERG,tuned_hgb_conformal_rejection_baseline,K100,100,100,132,83,67,0.8072289156626506,0.67,0.6287878787878788,1.0655421686746989,82,0.07,0.5984664238644759,0.871599495048289,0.8529628718957464
hERG,tuned_hgb_conformal_rejection_baseline,Top20pct,26,26,132,83,24,0.2891566265060241,0.9230769230769231,0.6287878787878788,1.468025949953661,26,0.038461538461538464,0.5509398556776147,0.871599495048289,0.8529628718957464
AMES,random_fixed_seed,K50,50,50,1457,837,29,0.03464755077658303,0.58,0.574468085106383,1.0096296296296294,38,0.08,0.4929637750892751,0.5774195800244277,0.5139322465024858
AMES,random_fixed_seed,K100,100,100,1457,837,54,0.06451612903225806,0.54,0.574468085106383,0.94,70,0.05,0.4889281500373351,0.5774195800244277,0.5139322465024858
AMES,random_fixed_seed,Top20pct,291,291,1457,837,164,0.1959378733572282,0.563573883161512,0.574468085106383,0.981036018836706,161,0.061855670103092786,0.4906456217066166,0.5774195800244277,0.5139322465024858
AMES,tuned_rf_activity_only,K50,50,50,1457,837,50,0.05973715651135006,1.0,0.574468085106383,1.7407407407407405,17,0.18,0.29214351643635683,0.8739093220454779,0.8288039079662388
AMES,tuned_rf_activity_only,K100,100,100,1457,837,100,0.11947431302270012,1.0,0.574468085106383,1.7407407407407405,37,0.15,0.32010521421349547,0.8739093220454779,0.8288039079662388
AMES,tuned_rf_activity_only,Top20pct,291,291,1457,837,277,0.3309438470728793,0.9518900343642611,0.574468085106383,1.656993763522973,95,0.140893470790378,0.36144258286951,0.8739093220454779,0.8288039079662388
AMES,tuned_rf_scaffold_quota,K50,50,50,1457,837,49,0.05854241338112306,0.98,0.574468085106383,1.7059259259259258,50,0.02,0.32852422190222264,0.8739093220454779,0.8288039079662388
AMES,tuned_rf_scaffold_quota,K100,100,100,1457,837,93,0.1111111111111111,0.93,0.574468085106383,1.6188888888888888,100,0.01,0.3541753061277959,0.8739093220454779,0.8288039079662388
AMES,tuned_rf_scaffold_quota,Top20pct,291,291,1457,837,207,0.24731182795698925,0.711340206185567,0.574468085106383,1.2382588774341352,291,0.003436426116838488,0.445112825413086,0.8739093220454779,0.8288039079662388
AMES,tuned_rf_ad_distance_guard,K50,50,50,1457,837,48,0.05734767025089606,0.96,0.574468085106383,1.671111111111111,50,0.02,0.26298981544790506,0.871569711413077,0.8280947701082977
AMES,tuned_rf_ad_distance_guard,K100,100,100,1457,837,93,0.1111111111111111,0.93,0.574468085106383,1.6188888888888888,100,0.01,0.322194902976955,0.871569711413077,0.8280947701082977
AMES,tuned_rf_ad_distance_guard,Top20pct,291,291,1457,837,208,0.24850657108721624,0.7147766323024055,0.574468085106383,1.2442408043782613,291,0.003436426116838488,0.4346143423987155,0.871569711413077,0.8280947701082977
AMES,tuned_rf_uncertainty_only_guard,K50,50,50,1457,837,49,0.05854241338112306,0.98,0.574468085106383,1.7059259259259258,50,0.02,0.33203817920928347,0.8739766901013304,0.8286516745673873
AMES,tuned_rf_uncertainty_only_guard,K100,100,100,1457,837,93,0.1111111111111111,0.93,0.574468085106383,1.6188888888888888,100,0.01,0.34959915341210823,0.8739766901013304,0.8286516745673873
AMES,tuned_rf_uncertainty_only_guard,Top20pct,291,291,1457,837,208,0.24850657108721624,0.7147766323024055,0.574468085106383,1.2442408043782613,291,0.003436426116838488,0.4431918599334955,0.8739766901013304,0.8286516745673873
AMES,tuned_rf_conformal_rejection_baseline,K50,50,50,1457,837,49,0.05854241338112306,0.98,0.574468085106383,1.7059259259259258,50,0.02,0.32852422190222264,0.8739093220454779,0.8288039079662388
AMES,tuned_rf_conformal_rejection_baseline,K100,100,100,1457,837,93,0.1111111111111111,0.93,0.574468085106383,1.6188888888888888,100,0.01,0.3541753061277959,0.8739093220454779,0.8288039079662388
AMES,tuned_rf_conformal_rejection_baseline,Top20pct,291,291,1457,837,207,0.24731182795698925,0.711340206185567,0.574468085106383,1.2382588774341352,291,0.003436426116838488,0.445112825413086,0.8739093220454779,0.8288039079662388
AMES,tuned_rf_ucb_uncertainty_proxy,K50,50,50,1457,837,49,0.05854241338112306,0.98,0.574468085106383,1.7059259259259258,50,0.02,0.33203817920928347,0.8740120871818042,0.8290717616680155
AMES,tuned_rf_ucb_uncertainty_proxy,K100,100,100,1457,837,93,0.1111111111111111,0.93,0.574468085106383,1.6188888888888888,100,0.01,0.349312503125458,0.8740120871818042,0.8290717616680155
AMES,tuned_rf_ucb_uncertainty_proxy,Top20pct,291,291,1457,837,207,0.24731182795698925,0.711340206185567,0.574468085106383,1.2382588774341352,291,0.003436426116838488,0.4438849041081632,0.8740120871818042,0.8290717616680155
AMES,tuned_hgb_activity_only,K50,50,50,1457,837,49,0.05854241338112306,0.98,0.574468085106383,1.7059259259259258,17,0.36,0.3261677490248189,0.8731900208107405,0.832043203453193
AMES,tuned_hgb_activity_only,K100,100,100,1457,837,99,0.11827956989247312,0.99,0.574468085106383,1.7233333333333332,33,0.27,0.34461119486221603,0.8731900208107405,0.832043203453193
AMES,tuned_hgb_activity_only,Top20pct,291,291,1457,837,273,0.32616487455197135,0.9381443298969072,0.574468085106383,1.633066055746468,98,0.140893470790378,0.3825007591971141,0.8731900208107405,0.832043203453193
AMES,tuned_hgb_scaffold_quota,K50,50,50,1457,837,50,0.05973715651135006,1.0,0.574468085106383,1.7407407407407405,50,0.02,0.3905817187939356,0.8731900208107405,0.832043203453193
AMES,tuned_hgb_scaffold_quota,K100,100,100,1457,837,95,0.1135005973715651,0.95,0.574468085106383,1.6537037037037035,100,0.01,0.3859835525246541,0.8731900208107405,0.832043203453193
AMES,tuned_hgb_scaffold_quota,Top20pct,291,291,1457,837,209,0.24970131421744324,0.718213058419244,0.574468085106383,1.2502227313223875,291,0.003436426116838488,0.44797403007269604,0.8731900208107405,0.832043203453193
AMES,tuned_hgb_ad_distance_guard,K50,50,50,1457,837,47,0.056152927120669056,0.94,0.574468085106383,1.6362962962962961,50,0.02,0.25621943442638095,0.8734573307370772,0.832488341619455
AMES,tuned_hgb_ad_distance_guard,K100,100,100,1457,837,96,0.11469534050179211,0.96,0.574468085106383,1.671111111111111,100,0.01,0.3312712797106112,0.8734573307370772,0.832488341619455
AMES,tuned_hgb_ad_distance_guard,Top20pct,291,291,1457,837,209,0.24970131421744324,0.718213058419244,0.574468085106383,1.2502227313223875,291,0.003436426116838488,0.43399174219303127,0.8734573307370772,0.832488341619455
AMES,tuned_hgb_uncertainty_only_guard,K50,50,50,1457,837,50,0.05973715651135006,1.0,0.574468085106383,1.7407407407407405,50,0.02,0.3905817187939356,0.8731900208107405,0.832043203453193
AMES,tuned_hgb_uncertainty_only_guard,K100,100,100,1457,837,95,0.1135005973715651,0.95,0.574468085106383,1.6537037037037035,100,0.01,0.3859835525246541,0.8731900208107405,0.832043203453193
AMES,tuned_hgb_uncertainty_only_guard,Top20pct,291,291,1457,837,209,0.24970131421744324,0.718213058419244,0.574468085106383,1.2502227313223875,291,0.003436426116838488,0.44797403007269604,0.8731900208107405,0.832043203453193
AMES,tuned_hgb_conformal_rejection_baseline,K50,50,50,1457,837,50,0.05973715651135006,1.0,0.574468085106383,1.7407407407407405,50,0.02,0.3905817187939356,0.8731900208107405,0.832043203453193
AMES,tuned_hgb_conformal_rejection_baseline,K100,100,100,1457,837,95,0.1135005973715651,0.95,0.574468085106383,1.6537037037037035,100,0.01,0.3859835525246541,0.8731900208107405,0.832043203453193
AMES,tuned_hgb_conformal_rejection_baseline,Top20pct,291,291,1457,837,209,0.24970131421744324,0.718213058419244,0.574468085106383,1.2502227313223875,291,0.003436426116838488,0.44797403007269604,0.8731900208107405,0.832043203453193
DILI,random_fixed_seed,K50,50,50,96,63,32,0.5079365079365079,0.64,0.65625,0.9752380952380952,45,0.06,0.6134148154694449,0.6602889091276929,0.4516594516594517
DILI,random_fixed_seed,K100,100,96,96,63,63,1.0,0.65625,0.65625,1.0,85,0.041666666666666664,0.6179636764569943,0.6602889091276929,0.4516594516594517
DILI,random_fixed_seed,Top20pct,19,19,96,63,13,0.20634920634920634,0.6842105263157895,0.65625,1.0426065162907268,18,0.10526315789473684,0.6013554914938473,0.6602889091276929,0.4516594516594517
DILI,tuned_rf_activity_only,K50,50,50,96,63,45,0.7142857142857143,0.9,0.65625,1.3714285714285714,46,0.06,0.6205196788261363,0.9202925405220783,0.8412698412698413
DILI,tuned_rf_activity_only,K100,100,96,96,63,63,1.0,0.65625,0.65625,1.0,85,0.041666666666666664,0.6179636764569943,0.9202925405220783,0.8412698412698413
DILI,tuned_rf_activity_only,Top20pct,19,19,96,63,19,0.30158730158730157,1.0,0.65625,1.5238095238095237,19,0.05263157894736842,0.5638490603554839,0.9202925405220783,0.8412698412698413
DILI,tuned_rf_scaffold_quota,K50,50,50,96,63,42,0.6666666666666666,0.84,0.65625,1.28,50,0.02,0.6402829816916475,0.9202925405220783,0.8412698412698413
DILI,tuned_rf_scaffold_quota,K100,100,96,96,63,63,1.0,0.65625,0.65625,1.0,85,0.041666666666666664,0.6179636764569943,0.9202925405220783,0.8412698412698413
DILI,tuned_rf_scaffold_quota,Top20pct,19,19,96,63,19,0.30158730158730157,1.0,0.65625,1.5238095238095237,19,0.05263157894736842,0.5638490603554839,0.9202925405220783,0.8412698412698413
DILI,tuned_rf_ad_distance_guard,K50,50,50,96,63,41,0.6507936507936508,0.82,0.65625,1.2495238095238095,50,0.02,0.6321769874791631,0.9201115102638642,0.8345358345358345
DILI,tuned_rf_ad_distance_guard,K100,100,96,96,63,63,1.0,0.65625,0.65625,1.0,85,0.041666666666666664,0.6179636764569943,0.9201115102638642,0.8345358345358345
DILI,tuned_rf_ad_distance_guard,Top20pct,19,19,96,63,19,0.30158730158730157,1.0,0.65625,1.5238095238095237,19,0.05263157894736842,0.5232260873771067,0.9201115102638642,0.8345358345358345
DILI,tuned_rf_uncertainty_only_guard,K50,50,50,96,63,42,0.6666666666666666,0.84,0.65625,1.28,50,0.02,0.6382244451062816,0.9137714174932197,0.8292448292448292
DILI,tuned_rf_uncertainty_only_guard,K100,100,96,96,63,63,1.0,0.65625,0.65625,1.0,85,0.041666666666666664,0.6179636764569942,0.9137714174932197,0.8292448292448292
DILI,tuned_rf_uncertainty_only_guard,Top20pct,19,19,96,63,19,0.30158730158730157,1.0,0.65625,1.5238095238095237,19,0.05263157894736842,0.5699788426425269,0.9137714174932197,0.8292448292448292
DILI,tuned_rf_conformal_rejection_baseline,K50,50,50,96,63,42,0.6666666666666666,0.84,0.65625,1.28,50,0.02,0.6402829816916475,0.9202925405220783,0.8412698412698413
DILI,tuned_rf_conformal_rejection_baseline,K100,100,96,96,63,63,1.0,0.65625,0.65625,1.0,85,0.041666666666666664,0.6179636764569943,0.9202925405220783,0.8412698412698413
DILI,tuned_rf_conformal_rejection_baseline,Top20pct,19,19,96,63,19,0.30158730158730157,1.0,0.65625,1.5238095238095237,19,0.05263157894736842,0.5638490603554839,0.9202925405220783,0.8412698412698413
DILI,tuned_rf_ucb_uncertainty_proxy,K50,50,50,96,63,42,0.6666666666666666,0.84,0.65625,1.28,50,0.02,0.6382244451062817,0.9184979525271442,0.8383838383838383
DILI,tuned_rf_ucb_uncertainty_proxy,K100,100,96,96,63,63,1.0,0.65625,0.65625,1.0,85,0.041666666666666664,0.6179636764569943,0.9184979525271442,0.8383838383838383
DILI,tuned_rf_ucb_uncertainty_proxy,Top20pct,19,19,96,63,19,0.30158730158730157,1.0,0.65625,1.5238095238095237,19,0.05263157894736842,0.563849060355484,0.9184979525271442,0.8383838383838383
DILI,tuned_hgb_activity_only,K50,50,50,96,63,45,0.7142857142857143,0.9,0.65625,1.3714285714285714,46,0.06,0.6215006583704797,0.8912855770255845,0.8095238095238095
DILI,tuned_hgb_activity_only,K100,100,96,96,63,63,1.0,0.65625,0.65625,1.0,85,0.041666666666666664,0.6179636764569943,0.8912855770255845,0.8095238095238095
DILI,tuned_hgb_activity_only,Top20pct,19,19,96,63,18,0.2857142857142857,0.9473684210526315,0.65625,1.443609022556391,18,0.10526315789473684,0.6084832449215394,0.8912855770255845,0.8095238095238095
DILI,tuned_hgb_scaffold_quota,K50,50,50,96,63,42,0.6666666666666666,0.84,0.65625,1.28,50,0.02,0.6361381038254836,0.8912855770255845,0.8095238095238095
DILI,tuned_hgb_scaffold_quota,K100,100,96,96,63,63,1.0,0.65625,0.65625,1.0,85,0.041666666666666664,0.6179636764569943,0.8912855770255845,0.8095238095238095
DILI,tuned_hgb_scaffold_quota,Top20pct,19,19,96,63,18,0.2857142857142857,0.9473684210526315,0.65625,1.443609022556391,19,0.05263157894736842,0.6191384543737414,0.8912855770255845,0.8095238095238095
DILI,tuned_hgb_ad_distance_guard,K50,50,50,96,63,42,0.6666666666666666,0.84,0.65625,1.28,50,0.02,0.6346306339169002,0.9005682705565505,0.8128908128908128
DILI,tuned_hgb_ad_distance_guard,K100,100,96,96,63,63,1.0,0.65625,0.65625,1.0,85,0.041666666666666664,0.6179636764569943,0.9005682705565505,0.8128908128908128
DILI,tuned_hgb_ad_distance_guard,Top20pct,19,19,96,63,18,0.2857142857142857,0.9473684210526315,0.65625,1.443609022556391,19,0.05263157894736842,0.5937931688387366,0.9005682705565505,0.8128908128908128
DILI,tuned_hgb_uncertainty_only_guard,K50,50,50,96,63,42,0.6666666666666666,0.84,0.65625,1.28,50,0.02,0.6361381038254836,0.8912855770255845,0.8095238095238095
DILI,tuned_hgb_uncertainty_only_guard,K100,100,96,96,63,63,1.0,0.65625,0.65625,1.0,85,0.041666666666666664,0.6179636764569943,0.8912855770255845,0.8095238095238095
DILI,tuned_hgb_uncertainty_only_guard,Top20pct,19,19,96,63,18,0.2857142857142857,0.9473684210526315,0.65625,1.443609022556391,19,0.05263157894736842,0.6191384543737414,0.8912855770255845,0.8095238095238095
DILI,tuned_hgb_conformal_rejection_baseline,K50,50,50,96,63,42,0.6666666666666666,0.84,0.65625,1.28,50,0.02,0.6361381038254836,0.8912855770255845,0.8095238095238095
DILI,tuned_hgb_conformal_rejection_baseline,K100,100,96,96,63,63,1.0,0.65625,0.65625,1.0,85,0.041666666666666664,0.6179636764569943,0.8912855770255845,0.8095238095238095
DILI,tuned_hgb_conformal_rejection_baseline,Top20pct,19,19,96,63,18,0.2857142857142857,0.9473684210526315,0.65625,1.443609022556391,19,0.05263157894736842,0.6191384543737414,0.8912855770255845,0.8095238095238095
hERG_Karim,random_fixed_seed,K50,50,50,2690,1308,18,0.013761467889908258,0.36,0.4862453531598513,0.7403669724770642,47,0.06,0.30923539971782765,0.47325232956715924,0.4766935744411548
hERG_Karim,random_fixed_seed,K100,100,100,2690,1308,43,0.03287461773700306,0.43,0.4862453531598513,0.8843272171253823,91,0.03,0.29469663535545565,0.47325232956715924,0.4766935744411548
hERG_Karim,random_fixed_seed,Top20pct,538,538,2690,1308,253,0.19342507645259938,0.47026022304832715,0.4862453531598513,0.967125382262997,399,0.022304832713754646,0.3350765748659893,0.47325232956715924,0.4766935744411548
hERG_Karim,tuned_rf_activity_only,K50,50,50,2690,1308,50,0.0382262996941896,1.0,0.4862453531598513,2.0565749235474007,21,0.24,0.19095375660111893,0.8529397319380165,0.8493413569838509
hERG_Karim,tuned_rf_activity_only,K100,100,100,2690,1308,98,0.07492354740061162,0.98,0.4862453531598513,2.0154434250764526,48,0.18,0.19635745264054055,0.8529397319380165,0.8493413569838509
hERG_Karim,tuned_rf_activity_only,Top20pct,538,538,2690,1308,501,0.3830275229357798,0.9312267657992565,0.4862453531598513,1.915137614678899,258,0.03717472118959108,0.2753944662228786,0.8529397319380165,0.8493413569838509
hERG_Karim,tuned_rf_scaffold_quota,K50,50,50,2690,1308,49,0.03746177370030581,0.98,0.4862453531598513,2.0154434250764526,50,0.02,0.1807059323704444,0.8529397319380165,0.8493413569838509
hERG_Karim,tuned_rf_scaffold_quota,K100,100,100,2690,1308,98,0.07492354740061162,0.98,0.4862453531598513,2.0154434250764526,100,0.01,0.2133179579831313,0.8529397319380165,0.8493413569838509
hERG_Karim,tuned_rf_scaffold_quota,Top20pct,538,538,2690,1308,428,0.327217125382263,0.7955390334572491,0.4862453531598513,1.636085626911315,538,0.0018587360594795538,0.3065316200970825,0.8529397319380165,0.8493413569838509
hERG_Karim,tuned_rf_ad_distance_guard,K50,50,50,2690,1308,49,0.03746177370030581,0.98,0.4862453531598513,2.0154434250764526,50,0.02,0.135224685906345,0.855308586132731,0.8501589904273822
hERG_Karim,tuned_rf_ad_distance_guard,K100,100,100,2690,1308,98,0.07492354740061162,0.98,0.4862453531598513,2.0154434250764526,100,0.01,0.16701413341685026,0.855308586132731,0.8501589904273822
hERG_Karim,tuned_rf_ad_distance_guard,Top20pct,538,538,2690,1308,433,0.33103975535168195,0.8048327137546468,0.4862453531598513,1.6551987767584098,538,0.0018587360594795538,0.28747443336267886,0.855308586132731,0.8501589904273822
hERG_Karim,tuned_rf_uncertainty_only_guard,K50,50,50,2690,1308,49,0.03746177370030581,0.98,0.4862453531598513,2.0154434250764526,50,0.02,0.1760698796176259,0.8519183554719112,0.8475561721920541
hERG_Karim,tuned_rf_uncertainty_only_guard,K100,100,100,2690,1308,97,0.07415902140672782,0.97,0.4862453531598513,1.9948776758409785,100,0.01,0.2169227918081148,0.8519183554719112,0.8475561721920541
hERG_Karim,tuned_rf_uncertainty_only_guard,Top20pct,538,538,2690,1308,428,0.327217125382263,0.7955390334572491,0.4862453531598513,1.636085626911315,538,0.0018587360594795538,0.3053287510974285,0.8519183554719112,0.8475561721920541
hERG_Karim,tuned_rf_conformal_rejection_baseline,K50,50,50,2690,1308,49,0.03746177370030581,0.98,0.4862453531598513,2.0154434250764526,50,0.02,0.1807059323704444,0.8529397319380165,0.8493413569838509
hERG_Karim,tuned_rf_conformal_rejection_baseline,K100,100,100,2690,1308,98,0.07492354740061162,0.98,0.4862453531598513,2.0154434250764526,100,0.01,0.2133179579831313,0.8529397319380165,0.8493413569838509
hERG_Karim,tuned_rf_conformal_rejection_baseline,Top20pct,538,538,2690,1308,428,0.327217125382263,0.7955390334572491,0.4862453531598513,1.636085626911315,538,0.0018587360594795538,0.3065316200970825,0.8529397319380165,0.8493413569838509
hERG_Karim,tuned_rf_ucb_uncertainty_proxy,K50,50,50,2690,1308,49,0.03746177370030581,0.98,0.4862453531598513,2.0154434250764526,50,0.02,0.17600412619296837,0.8527013589518244,0.8491510552892808
hERG_Karim,tuned_rf_ucb_uncertainty_proxy,K100,100,100,2690,1308,97,0.07415902140672782,0.97,0.4862453531598513,1.9948776758409785,100,0.01,0.21606586817496493,0.8527013589518244,0.8491510552892808
hERG_Karim,tuned_rf_ucb_uncertainty_proxy,Top20pct,538,538,2690,1308,429,0.32798165137614677,0.7973977695167286,0.4862453531598513,1.639908256880734,538,0.0018587360594795538,0.30593053133170867,0.8527013589518244,0.8491510552892808
hERG_Karim,tuned_hgb_activity_only,K50,50,50,2690,1308,50,0.0382262996941896,1.0,0.4862453531598513,2.0565749235474007,19,0.28,0.20083230297655594,0.8593051772620538,0.8547489124036874
hERG_Karim,tuned_hgb_activity_only,K100,100,100,2690,1308,99,0.07568807339449542,0.99,0.4862453531598513,2.0360091743119266,42,0.16,0.2515658108087981,0.8593051772620538,0.8547489124036874
hERG_Karim,tuned_hgb_activity_only,Top20pct,538,538,2690,1308,503,0.3845565749235474,0.9349442379182156,0.4862453531598513,1.922782874617737,255,0.03717472118959108,0.29108979930469575,0.8593051772620538,0.8547489124036874
hERG_Karim,tuned_hgb_scaffold_quota,K50,50,50,2690,1308,49,0.03746177370030581,0.98,0.4862453531598513,2.0154434250764526,50,0.02,0.23565911215922483,0.8593051772620538,0.8547489124036874
hERG_Karim,tuned_hgb_scaffold_quota,K100,100,100,2690,1308,96,0.07339449541284404,0.96,0.4862453531598513,1.9743119266055045,100,0.01,0.26100148551699764,0.8593051772620538,0.8547489124036874
hERG_Karim,tuned_hgb_scaffold_quota,Top20pct,538,538,2690,1308,420,0.3211009174311927,0.7806691449814126,0.4862453531598513,1.6055045871559632,538,0.0018587360594795538,0.31823925366831557,0.8593051772620538,0.8547489124036874
hERG_Karim,tuned_hgb_ad_distance_guard,K50,50,50,2690,1308,50,0.0382262996941896,1.0,0.4862453531598513,2.0565749235474007,50,0.02,0.12856580883221505,0.8665348663491763,0.8564760109224321
hERG_Karim,tuned_hgb_ad_distance_guard,K100,100,100,2690,1308,99,0.07568807339449542,0.99,0.4862453531598513,2.0360091743119266,100,0.01,0.16926832510999062,0.8665348663491763,0.8564760109224321
hERG_Karim,tuned_hgb_ad_distance_guard,Top20pct,538,538,2690,1308,421,0.32186544342507645,0.7825278810408922,0.4862453531598513,1.6093272171253823,538,0.0018587360594795538,0.3010680787523576,0.8665348663491763,0.8564760109224321
hERG_Karim,tuned_hgb_uncertainty_only_guard,K50,50,50,2690,1308,49,0.03746177370030581,0.98,0.4862453531598513,2.0154434250764526,50,0.02,0.23565911215922483,0.8593051772620538,0.8547489124036874
hERG_Karim,tuned_hgb_uncertainty_only_guard,K100,100,100,2690,1308,96,0.07339449541284404,0.96,0.4862453531598513,1.9743119266055045,100,0.01,0.26100148551699764,0.8593051772620538,0.8547489124036874
hERG_Karim,tuned_hgb_uncertainty_only_guard,Top20pct,538,538,2690,1308,420,0.3211009174311927,0.7806691449814126,0.4862453531598513,1.6055045871559632,538,0.0018587360594795538,0.31823925366831557,0.8593051772620538,0.8547489124036874
hERG_Karim,tuned_hgb_conformal_rejection_baseline,K50,50,50,2690,1308,49,0.03746177370030581,0.98,0.4862453531598513,2.0154434250764526,50,0.02,0.23565911215922483,0.8593051772620538,0.8547489124036874
hERG_Karim,tuned_hgb_conformal_rejection_baseline,K100,100,100,2690,1308,96,0.07339449541284404,0.96,0.4862453531598513,1.9743119266055045,100,0.01,0.26100148551699764,0.8593051772620538,0.8547489124036874
hERG_Karim,tuned_hgb_conformal_rejection_baseline,Top20pct,538,538,2690,1308,420,0.3211009174311927,0.7806691449814126,0.4862453531598513,1.6055045871559632,538,0.0018587360594795538,0.31823925366831557,0.8593051772620538,0.8547489124036874
ClinTox,random_fixed_seed,K50,50,50,297,32,6,0.1875,0.12,0.10774410774410774,1.11375,47,0.04,0.5599754081197313,0.13738676671795996,0.5661556603773585
ClinTox,random_fixed_seed,K100,100,100,297,32,13,0.40625,0.13,0.10774410774410774,1.2065625000000002,88,0.03,0.5666528729991385,0.13738676671795996,0.5661556603773585
ClinTox,random_fixed_seed,Top20pct,59,59,297,32,8,0.25,0.13559322033898305,0.10774410774410774,1.2584745762711864,53,0.03389830508474576,0.5718239837051329,0.13738676671795996,0.5661556603773585
ClinTox,tuned_rf_activity_only,K50,50,50,297,32,19,0.59375,0.38,0.10774410774410774,3.526875,36,0.14,0.58853977377926,0.3802361100332278,0.8278301886792453
ClinTox,tuned_rf_activity_only,K100,100,100,297,32,24,0.75,0.24,0.10774410774410774,2.2275,82,0.08,0.6060265501435255,0.3802361100332278,0.8278301886792453
ClinTox,tuned_rf_activity_only,Top20pct,59,59,297,32,23,0.71875,0.3898305084745763,0.10774410774410774,3.6181144067796613,44,0.13559322033898305,0.5916762859973246,0.3802361100332278,0.8278301886792453
ClinTox,tuned_rf_scaffold_quota,K50,50,50,297,32,17,0.53125,0.34,0.10774410774410774,3.1556250000000006,50,0.02,0.6079869444055066,0.3802361100332278,0.8278301886792453
ClinTox,tuned_rf_scaffold_quota,K100,100,100,297,32,21,0.65625,0.21,0.10774410774410774,1.9490625,100,0.01,0.6116903611916191,0.3802361100332278,0.8278301886792453
ClinTox,tuned_rf_scaffold_quota,Top20pct,59,59,297,32,17,0.53125,0.288135593220339,0.10774410774410774,2.674258474576271,59,0.01694915254237288,0.6072914502116801,0.3802361100332278,0.8278301886792453
ClinTox,tuned_rf_ad_distance_guard,K50,50,50,297,32,18,0.5625,0.36,0.10774410774410774,3.34125,50,0.02,0.5879232780853952,0.38263340099468623,0.8301886792452831
ClinTox,tuned_rf_ad_distance_guard,K100,100,100,297,32,21,0.65625,0.21,0.10774410774410774,1.9490625,100,0.01,0.5963484539955302,0.38263340099468623,0.8301886792452831
ClinTox,tuned_rf_ad_distance_guard,Top20pct,59,59,297,32,18,0.5625,0.3050847457627119,0.10774410774410774,2.83156779661017,59,0.01694915254237288,0.601974662479638,0.38263340099468623,0.8301886792452831
ClinTox,tuned_rf_uncertainty_only_guard,K50,50,50,297,32,9,0.28125,0.18,0.10774410774410774,1.670625,50,0.02,0.5418923400148374,0.2755723008205012,0.6648584905660377
ClinTox,tuned_rf_uncertainty_only_guard,K100,100,100,297,32,17,0.53125,0.17,0.10774410774410774,1.5778125000000003,100,0.01,0.5410759154392788,0.2755723008205012,0.6648584905660377
ClinTox,tuned_rf_uncertainty_only_guard,Top20pct,59,59,297,32,11,0.34375,0.1864406779661017,0.10774410774410774,1.7304025423728815,59,0.01694915254237288,0.5447342364363937,0.2755723008205012,0.6648584905660377
ClinTox,tuned_rf_conformal_rejection_baseline,K50,50,50,297,32,8,0.25,0.16,0.10774410774410774,1.485,50,0.02,0.5097006685045283,0.1693970572107577,0.398938679245283
ClinTox,tuned_rf_conformal_rejection_baseline,K100,100,100,297,32,9,0.28125,0.09,0.10774410774410774,0.8353125,100,0.01,0.5017564546404644,0.1693970572107577,0.398938679245283
ClinTox,tuned_rf_conformal_rejection_baseline,Top20pct,59,59,297,32,8,0.25,0.13559322033898305,0.10774410774410774,1.2584745762711864,59,0.01694915254237288,0.4982808114279098,0.1693970572107577,0.398938679245283
ClinTox,tuned_rf_ucb_uncertainty_proxy,K50,50,50,297,32,17,0.53125,0.34,0.10774410774410774,3.1556250000000006,50,0.02,0.6079869444055066,0.3786300419176275,0.8226415094339623
ClinTox,tuned_rf_ucb_uncertainty_proxy,K100,100,100,297,32,21,0.65625,0.21,0.10774410774410774,1.9490625,100,0.01,0.6116903611916192,0.3786300419176275,0.8226415094339623
ClinTox,tuned_rf_ucb_uncertainty_proxy,Top20pct,59,59,297,32,17,0.53125,0.288135593220339,0.10774410774410774,2.674258474576271,59,0.01694915254237288,0.6072914502116802,0.3786300419176275,0.8226415094339623
ClinTox,tuned_hgb_activity_only,K50,50,50,297,32,21,0.65625,0.42,0.10774410774410774,3.898125,36,0.16,0.5716682874560847,0.43033663868881306,0.8268867924528301
ClinTox,tuned_hgb_activity_only,K100,100,100,297,32,23,0.71875,0.23,0.10774410774410774,2.1346875,78,0.09,0.5785082829436538,0.43033663868881306,0.8268867924528301
ClinTox,tuned_hgb_activity_only,Top20pct,59,59,297,32,23,0.71875,0.3898305084745763,0.10774410774410774,3.6181144067796613,43,0.13559322033898305,0.5688741727986815,0.43033663868881306,0.8268867924528301
ClinTox,tuned_hgb_scaffold_quota,K50,50,50,297,32,19,0.59375,0.38,0.10774410774410774,3.526875,50,0.02,0.583807298861439,0.43033663868881306,0.8268867924528301
ClinTox,tuned_hgb_scaffold_quota,K100,100,100,297,32,20,0.625,0.2,0.10774410774410774,1.8562500000000002,100,0.01,0.5880759051840162,0.43033663868881306,0.8268867924528301
ClinTox,tuned_hgb_scaffold_quota,Top20pct,59,59,297,32,19,0.59375,0.3220338983050847,0.10774410774410774,2.988877118644068,59,0.01694915254237288,0.5890177668250449,0.43033663868881306,0.8268867924528301
ClinTox,tuned_hgb_ad_distance_guard,K50,50,50,297,32,19,0.59375,0.38,0.10774410774410774,3.526875,50,0.02,0.568371635234286,0.4214315126023688,0.8232311320754717
ClinTox,tuned_hgb_ad_distance_guard,K100,100,100,297,32,20,0.625,0.2,0.10774410774410774,1.8562500000000002,100,0.01,0.5844169755622949,0.4214315126023688,0.8232311320754717
ClinTox,tuned_hgb_ad_distance_guard,Top20pct,59,59,297,32,19,0.59375,0.3220338983050847,0.10774410774410774,2.988877118644068,59,0.01694915254237288,0.5852183747277806,0.4214315126023688,0.8232311320754717
ClinTox,tuned_hgb_uncertainty_only_guard,K50,50,50,297,32,19,0.59375,0.38,0.10774410774410774,3.526875,50,0.02,0.583807298861439,0.43033663868881306,0.8268867924528301
ClinTox,tuned_hgb_uncertainty_only_guard,K100,100,100,297,32,20,0.625,0.2,0.10774410774410774,1.8562500000000002,100,0.01,0.5880759051840162,0.43033663868881306,0.8268867924528301
ClinTox,tuned_hgb_uncertainty_only_guard,Top20pct,59,59,297,32,19,0.59375,0.3220338983050847,0.10774410774410774,2.988877118644068,59,0.01694915254237288,0.5890177668250449,0.43033663868881306,0.8268867924528301
ClinTox,tuned_hgb_conformal_rejection_baseline,K50,50,50,297,32,8,0.25,0.16,0.10774410774410774,1.485,50,0.02,0.5355425650713521,0.22242982501668923,0.4069575471698113
ClinTox,tuned_hgb_conformal_rejection_baseline,K100,100,100,297,32,11,0.34375,0.11,0.10774410774410774,1.0209375,100,0.01,0.5262622172461717,0.22242982501668923,0.4069575471698113
ClinTox,tuned_hgb_conformal_rejection_baseline,Top20pct,59,59,297,32,8,0.25,0.13559322033898305,0.10774410774410774,1.2584745762711864,59,0.01694915254237288,0.5338093348366303,0.22242982501668923,0.4069575471698113
Skin Reaction,random_fixed_seed,K50,50,50,82,50,30,0.6,0.6,0.6097560975609756,0.984,42,0.08,0.6673905066760909,0.5795221670459679,0.474375
Skin Reaction,random_fixed_seed,K100,100,82,82,50,50,1.0,0.6097560975609756,0.6097560975609756,1.0,61,0.07317073170731707,0.6626252279882261,0.5795221670459679,0.474375
Skin Reaction,random_fixed_seed,Top20pct,16,16,82,50,7,0.14,0.4375,0.6097560975609756,0.7175,16,0.0625,0.6944402202779405,0.5795221670459679,0.474375
Skin Reaction,tuned_rf_activity_only,K50,50,50,82,50,37,0.74,0.74,0.6097560975609756,1.2136,36,0.12,0.664549640143114,0.820625914674521,0.730625
Skin Reaction,tuned_rf_activity_only,K100,100,82,82,50,50,1.0,0.6097560975609756,0.6097560975609756,1.0,61,0.07317073170731707,0.6626252279882261,0.820625914674521,0.730625
Skin Reaction,tuned_rf_activity_only,Top20pct,16,16,82,50,14,0.28,0.875,0.6097560975609756,1.435,10,0.25,0.6848882943183225,0.820625914674521,0.730625
Skin Reaction,tuned_rf_scaffold_quota,K50,50,50,82,50,30,0.6,0.6,0.6097560975609756,0.984,50,0.02,0.681300779237124,0.820625914674521,0.730625
Skin Reaction,tuned_rf_scaffold_quota,K100,100,82,82,50,50,1.0,0.6097560975609756,0.6097560975609756,1.0,61,0.07317073170731707,0.6626252279882261,0.820625914674521,0.730625
Skin Reaction,tuned_rf_scaffold_quota,Top20pct,16,16,82,50,13,0.26,0.8125,0.6097560975609756,1.3325,16,0.0625,0.6834654000088342,0.820625914674521,0.730625
Skin Reaction,tuned_rf_ad_distance_guard,K50,50,50,82,50,31,0.62,0.62,0.6097560975609756,1.0168,50,0.02,0.6787864935228382,0.8158447358253268,0.715625
Skin Reaction,tuned_rf_ad_distance_guard,K100,100,82,82,50,50,1.0,0.6097560975609756,0.6097560975609756,1.0,61,0.07317073170731707,0.6626252279882261,0.8158447358253268,0.715625
Skin Reaction,tuned_rf_ad_distance_guard,Top20pct,16,16,82,50,13,0.26,0.8125,0.6097560975609756,1.3325,16,0.0625,0.6158418916164922,0.8158447358253268,0.715625
Skin Reaction,tuned_rf_uncertainty_only_guard,K50,50,50,82,50,30,0.6,0.6,0.6097560975609756,0.984,50,0.02,0.681300779237124,0.8199604880753306,0.7290625
Skin Reaction,tuned_rf_uncertainty_only_guard,K100,100,82,82,50,50,1.0,0.6097560975609756,0.6097560975609756,1.0,61,0.07317073170731707,0.6626252279882261,0.8199604880753306,0.7290625
Skin Reaction,tuned_rf_uncertainty_only_guard,Top20pct,16,16,82,50,13,0.26,0.8125,0.6097560975609756,1.3325,16,0.0625,0.6834654000088342,0.8199604880753306,0.7290625
Skin Reaction,tuned_rf_conformal_rejection_baseline,K50,50,50,82,50,30,0.6,0.6,0.6097560975609756,0.984,50,0.02,0.681300779237124,0.820625914674521,0.730625
Skin Reaction,tuned_rf_conformal_rejection_baseline,K100,100,82,82,50,50,1.0,0.6097560975609756,0.6097560975609756,1.0,61,0.07317073170731707,0.6626252279882261,0.820625914674521,0.730625
Skin Reaction,tuned_rf_conformal_rejection_baseline,Top20pct,16,16,82,50,13,0.26,0.8125,0.6097560975609756,1.3325,16,0.0625,0.6834654000088342,0.820625914674521,0.730625
Skin Reaction,tuned_rf_ucb_uncertainty_proxy,K50,50,50,82,50,30,0.6,0.6,0.6097560975609756,0.984,50,0.02,0.681300779237124,0.8203812356063125,0.7296874999999999
Skin Reaction,tuned_rf_ucb_uncertainty_proxy,K100,100,82,82,50,50,1.0,0.6097560975609756,0.6097560975609756,1.0,61,0.07317073170731707,0.6626252279882261,0.8203812356063125,0.7296874999999999
Skin Reaction,tuned_rf_ucb_uncertainty_proxy,Top20pct,16,16,82,50,13,0.26,0.8125,0.6097560975609756,1.3325,16,0.0625,0.6834654000088342,0.8203812356063125,0.7296874999999999
Skin Reaction,tuned_hgb_activity_only,K50,50,50,82,50,39,0.78,0.78,0.6097560975609756,1.2792000000000001,41,0.12,0.6796237816535462,0.8296854930627013,0.7718750000000001
Skin Reaction,tuned_hgb_activity_only,K100,100,82,82,50,50,1.0,0.6097560975609756,0.6097560975609756,1.0,61,0.07317073170731707,0.6626252279882261,0.8296854930627013,0.7718750000000001
Skin Reaction,tuned_hgb_activity_only,Top20pct,16,16,82,50,13,0.26,0.8125,0.6097560975609756,1.3325,11,0.3125,0.6987260781957101,0.8296854930627013,0.7718750000000001
Skin Reaction,tuned_hgb_scaffold_quota,K50,50,50,82,50,32,0.64,0.64,0.6097560975609756,1.0496,50,0.02,0.6727181001539619,0.8296854930627013,0.7718750000000001
Skin Reaction,tuned_hgb_scaffold_quota,K100,100,82,82,50,50,1.0,0.6097560975609756,0.6097560975609756,1.0,61,0.07317073170731707,0.662625227988226,0.8296854930627013,0.7718750000000001
Skin Reaction,tuned_hgb_scaffold_quota,Top20pct,16,16,82,50,12,0.24,0.75,0.6097560975609756,1.23,16,0.0625,0.7106851260681886,0.8296854930627013,0.7718750000000001
Skin Reaction,tuned_hgb_ad_distance_guard,K50,50,50,82,50,32,0.64,0.64,0.6097560975609756,1.0496,50,0.02,0.6613183887542506,0.808689234262721,0.7725000000000001
Skin Reaction,tuned_hgb_ad_distance_guard,K100,100,82,82,50,50,1.0,0.6097560975609756,0.6097560975609756,1.0,61,0.07317073170731707,0.662625227988226,0.808689234262721,0.7725000000000001
Skin Reaction,tuned_hgb_ad_distance_guard,Top20pct,16,16,82,50,12,0.24,0.75,0.6097560975609756,1.23,16,0.0625,0.6372764073710392,0.808689234262721,0.7725000000000001
Skin Reaction,tuned_hgb_uncertainty_only_guard,K50,50,50,82,50,32,0.64,0.64,0.6097560975609756,1.0496,50,0.02,0.6727181001539619,0.8296854930627013,0.7718750000000001
Skin Reaction,tuned_hgb_uncertainty_only_guard,K100,100,82,82,50,50,1.0,0.6097560975609756,0.6097560975609756,1.0,61,0.07317073170731707,0.662625227988226,0.8296854930627013,0.7718750000000001
Skin Reaction,tuned_hgb_uncertainty_only_guard,Top20pct,16,16,82,50,12,0.24,0.75,0.6097560975609756,1.23,16,0.0625,0.7106851260681886,0.8296854930627013,0.7718750000000001
Skin Reaction,tuned_hgb_conformal_rejection_baseline,K50,50,50,82,50,32,0.64,0.64,0.6097560975609756,1.0496,50,0.02,0.6727181001539619,0.8296854930627013,0.7718750000000001
Skin Reaction,tuned_hgb_conformal_rejection_baseline,K100,100,82,82,50,50,1.0,0.6097560975609756,0.6097560975609756,1.0,61,0.07317073170731707,0.662625227988226,0.8296854930627013,0.7718750000000001
Skin Reaction,tuned_hgb_conformal_rejection_baseline,Top20pct,16,16,82,50,12,0.24,0.75,0.6097560975609756,1.23,16,0.0625,0.7106851260681886,0.8296854930627013,0.7718750000000001
Carcinogens_Lagunin,random_fixed_seed,K50,50,50,56,9,9,1.0,0.18,0.16071428571428573,1.1199999999999999,38,0.08,0.6410939188803826,0.3683136174078203,0.6619385342789599
Carcinogens_Lagunin,random_fixed_seed,K100,100,56,56,9,9,1.0,0.16071428571428573,0.16071428571428573,1.0,43,0.07142857142857142,0.644466578755721,0.3683136174078203,0.6619385342789599
Carcinogens_Lagunin,random_fixed_seed,Top20pct,11,11,56,9,3,0.3333333333333333,0.2727272727272727,0.16071428571428573,1.6969696969696968,11,0.09090909090909091,0.6442501939608057,0.3683136174078203,0.6619385342789599
Carcinogens_Lagunin,tuned_rf_activity_only,K50,50,50,56,9,9,1.0,0.18,0.16071428571428573,1.1199999999999999,39,0.08,0.6508789596325432,0.7800224466891134,0.9030732860520095
Carcinogens_Lagunin,tuned_rf_activity_only,K100,100,56,56,9,9,1.0,0.16071428571428573,0.16071428571428573,1.0,43,0.07142857142857142,0.644466578755721,0.7800224466891134,0.9030732860520095
Carcinogens_Lagunin,tuned_rf_activity_only,Top20pct,11,11,56,9,7,0.7777777777777778,0.6363636363636364,0.16071428571428573,3.9595959595959593,7,0.36363636363636365,0.5616095270330654,0.7800224466891134,0.9030732860520095
Carcinogens_Lagunin,tuned_rf_scaffold_quota,K50,50,50,56,9,9,1.0,0.18,0.16071428571428573,1.1199999999999999,43,0.08,0.6489261268346708,0.7800224466891134,0.9030732860520095
Carcinogens_Lagunin,tuned_rf_scaffold_quota,K100,100,56,56,9,9,1.0,0.16071428571428573,0.16071428571428573,1.0,43,0.07142857142857142,0.644466578755721,0.7800224466891134,0.9030732860520095
Carcinogens_Lagunin,tuned_rf_scaffold_quota,Top20pct,11,11,56,9,4,0.4444444444444444,0.36363636363636365,0.16071428571428573,2.2626262626262625,11,0.09090909090909091,0.6641159495235848,0.7800224466891134,0.9030732860520095
Carcinogens_Lagunin,tuned_rf_ad_distance_guard,K50,50,50,56,9,9,1.0,0.18,0.16071428571428573,1.1199999999999999,43,0.08,0.6461250046417751,0.7696276490394138,0.9007092198581561
Carcinogens_Lagunin,tuned_rf_ad_distance_guard,K100,100,56,56,9,9,1.0,0.16071428571428573,0.16071428571428573,1.0,43,0.07142857142857142,0.644466578755721,0.7696276490394138,0.9007092198581561
Carcinogens_Lagunin,tuned_rf_ad_distance_guard,Top20pct,11,11,56,9,4,0.4444444444444444,0.36363636363636365,0.16071428571428573,2.2626262626262625,11,0.09090909090909091,0.6587650600432654,0.7696276490394138,0.9007092198581561
Carcinogens_Lagunin,tuned_rf_uncertainty_only_guard,K50,50,50,56,9,9,1.0,0.18,0.16071428571428573,1.1199999999999999,43,0.08,0.6473116639378871,0.7727613517087201,0.8865248226950354
Carcinogens_Lagunin,tuned_rf_uncertainty_only_guard,K100,100,56,56,9,9,1.0,0.16071428571428573,0.16071428571428573,1.0,43,0.07142857142857142,0.644466578755721,0.7727613517087201,0.8865248226950354
Carcinogens_Lagunin,tuned_rf_uncertainty_only_guard,Top20pct,11,11,56,9,4,0.4444444444444444,0.36363636363636365,0.16071428571428573,2.2626262626262625,11,0.09090909090909091,0.6641159495235848,0.7727613517087201,0.8865248226950354
Carcinogens_Lagunin,tuned_rf_conformal_rejection_baseline,K50,50,50,56,9,9,1.0,0.18,0.16071428571428573,1.1199999999999999,43,0.08,0.6489261268346708,0.7800224466891134,0.9030732860520095
Carcinogens_Lagunin,tuned_rf_conformal_rejection_baseline,K100,100,56,56,9,9,1.0,0.16071428571428573,0.16071428571428573,1.0,43,0.07142857142857142,0.644466578755721,0.7800224466891134,0.9030732860520095
Carcinogens_Lagunin,tuned_rf_conformal_rejection_baseline,Top20pct,11,11,56,9,4,0.4444444444444444,0.36363636363636365,0.16071428571428573,2.2626262626262625,11,0.09090909090909091,0.6641159495235848,0.7800224466891134,0.9030732860520095
Carcinogens_Lagunin,tuned_rf_ucb_uncertainty_proxy,K50,50,50,56,9,9,1.0,0.18,0.16071428571428573,1.1199999999999999,43,0.08,0.6473116639378871,0.7782908449575116,0.8983451536643027
Carcinogens_Lagunin,tuned_rf_ucb_uncertainty_proxy,K100,100,56,56,9,9,1.0,0.16071428571428573,0.16071428571428573,1.0,43,0.07142857142857142,0.6444665787557209,0.7782908449575116,0.8983451536643027
Carcinogens_Lagunin,tuned_rf_ucb_uncertainty_proxy,Top20pct,11,11,56,9,4,0.4444444444444444,0.36363636363636365,0.16071428571428573,2.2626262626262625,11,0.09090909090909091,0.6641159495235848,0.7782908449575116,0.8983451536643027
Carcinogens_Lagunin,tuned_hgb_activity_only,K50,50,50,56,9,9,1.0,0.18,0.16071428571428573,1.1199999999999999,38,0.08,0.646319202729069,0.7232348548138021,0.8510638297872339
Carcinogens_Lagunin,tuned_hgb_activity_only,K100,100,56,56,9,9,1.0,0.16071428571428573,0.16071428571428573,1.0,43,0.07142857142857142,0.644466578755721,0.7232348548138021,0.8510638297872339
Carcinogens_Lagunin,tuned_hgb_activity_only,Top20pct,11,11,56,9,6,0.6666666666666666,0.5454545454545454,0.16071428571428573,3.3939393939393936,7,0.36363636363636365,0.563115715626772,0.7232348548138021,0.8510638297872339
Carcinogens_Lagunin,tuned_hgb_scaffold_quota,K50,50,50,56,9,9,1.0,0.18,0.16071428571428573,1.1199999999999999,43,0.08,0.6439849853392929,0.7232348548138021,0.8510638297872339
Carcinogens_Lagunin,tuned_hgb_scaffold_quota,K100,100,56,56,9,9,1.0,0.16071428571428573,0.16071428571428573,1.0,43,0.07142857142857142,0.644466578755721,0.7232348548138021,0.8510638297872339
Carcinogens_Lagunin,tuned_hgb_scaffold_quota,Top20pct,11,11,56,9,3,0.3333333333333333,0.2727272727272727,0.16071428571428573,1.6969696969696968,11,0.09090909090909091,0.6545884764180534,0.7232348548138021,0.8510638297872339
Carcinogens_Lagunin,tuned_hgb_ad_distance_guard,K50,50,50,56,9,9,1.0,0.18,0.16071428571428573,1.1199999999999999,43,0.08,0.6439849853392929,0.7292954608744082,0.8534278959810875
Carcinogens_Lagunin,tuned_hgb_ad_distance_guard,K100,100,56,56,9,9,1.0,0.16071428571428573,0.16071428571428573,1.0,43,0.07142857142857142,0.644466578755721,0.7292954608744082,0.8534278959810875
Carcinogens_Lagunin,tuned_hgb_ad_distance_guard,Top20pct,11,11,56,9,3,0.3333333333333333,0.2727272727272727,0.16071428571428573,1.6969696969696968,11,0.09090909090909091,0.6511892669318876,0.7292954608744082,0.8534278959810875
Carcinogens_Lagunin,tuned_hgb_uncertainty_only_guard,K50,50,50,56,9,9,1.0,0.18,0.16071428571428573,1.1199999999999999,43,0.08,0.6439849853392929,0.7232348548138021,0.8510638297872339
Carcinogens_Lagunin,tuned_hgb_uncertainty_only_guard,K100,100,56,56,9,9,1.0,0.16071428571428573,0.16071428571428573,1.0,43,0.07142857142857142,0.644466578755721,0.7232348548138021,0.8510638297872339
Carcinogens_Lagunin,tuned_hgb_uncertainty_only_guard,Top20pct,11,11,56,9,3,0.3333333333333333,0.2727272727272727,0.16071428571428573,1.6969696969696968,11,0.09090909090909091,0.6545884764180534,0.7232348548138021,0.8510638297872339
Carcinogens_Lagunin,tuned_hgb_conformal_rejection_baseline,K50,50,50,56,9,9,1.0,0.18,0.16071428571428573,1.1199999999999999,43,0.08,0.6439849853392929,0.7232348548138021,0.8510638297872339
Carcinogens_Lagunin,tuned_hgb_conformal_rejection_baseline,K100,100,56,56,9,9,1.0,0.16071428571428573,0.16071428571428573,1.0,43,0.07142857142857142,0.644466578755721,0.7232348548138021,0.8510638297872339
Carcinogens_Lagunin,tuned_hgb_conformal_rejection_baseline,Top20pct,11,11,56,9,3,0.3333333333333333,0.2727272727272727,0.16071428571428573,1.6969696969696968,11,0.09090909090909091,0.6545884764180534,0.7232348548138021,0.8510638297872339
CYP2C19_Veith,random_fixed_seed,K50,50,50,2534,1078,23,0.021335807050092765,0.46,0.425414364640884,1.0812987012987012,49,0.04,0.5068445057872554,0.4343859760058786,0.5117707547554486
CYP2C19_Veith,random_fixed_seed,K100,100,100,2534,1078,42,0.03896103896103896,0.42,0.425414364640884,0.9872727272727272,98,0.02,0.5028281484887144,0.4343859760058786,0.5117707547554486
CYP2C19_Veith,random_fixed_seed,Top20pct,507,507,2534,1078,222,0.20593692022263452,0.4378698224852071,0.425414364640884,1.0292784138937985,426,0.015779092702169626,0.4871539606848051,0.4343859760058786,0.5117707547554486
CYP2C19_Veith,tuned_rf_activity_only,K50,50,50,2534,1078,47,0.04359925788497217,0.94,0.425414364640884,2.2096103896103894,22,0.28,0.3183870063227437,0.8441168012072862,0.8950230254439436
CYP2C19_Veith,tuned_rf_activity_only,K100,100,100,2534,1078,91,0.08441558441558442,0.91,0.425414364640884,2.139090909090909,50,0.2,0.35906688955249955,0.8441168012072862,0.8950230254439436
CYP2C19_Veith,tuned_rf_activity_only,Top20pct,507,507,2534,1078,451,0.41836734693877553,0.8895463510848126,0.425414364640884,2.091011552550014,347,0.05325443786982249,0.45620481606162266,0.8441168012072862,0.8950230254439436
CYP2C19_Veith,tuned_rf_scaffold_quota,K50,50,50,2534,1078,45,0.041743970315398886,0.9,0.425414364640884,2.1155844155844155,50,0.02,0.3840315898621429,0.8441168012072862,0.8950230254439436
CYP2C19_Veith,tuned_rf_scaffold_quota,K100,100,100,2534,1078,92,0.08534322820037106,0.92,0.425414364640884,2.1625974025974024,100,0.01,0.4306797807921996,0.8441168012072862,0.8950230254439436
CYP2C19_Veith,tuned_rf_scaffold_quota,Top20pct,507,507,2534,1078,431,0.39981447124304265,0.8500986193293886,0.425414364640884,1.9982837675145366,507,0.0019723865877712033,0.4940479703397025,0.8441168012072862,0.8950230254439436
CYP2C19_Veith,tuned_rf_ad_distance_guard,K50,50,50,2534,1078,46,0.04267161410018553,0.92,0.425414364640884,2.1625974025974024,50,0.02,0.31159815445783456,0.8441489979277905,0.893981974657995
CYP2C19_Veith,tuned_rf_ad_distance_guard,K100,100,100,2534,1078,92,0.08534322820037106,0.92,0.425414364640884,2.1625974025974024,100,0.01,0.37254790187875103,0.8441489979277905,0.893981974657995
CYP2C19_Veith,tuned_rf_ad_distance_guard,Top20pct,507,507,2534,1078,430,0.39888682745825604,0.8481262327416174,0.425414364640884,1.9936473782627628,507,0.0019723865877712033,0.47347028860022,0.8441489979277905,0.893981974657995
CYP2C19_Veith,tuned_rf_uncertainty_only_guard,K50,50,50,2534,1078,46,0.04267161410018553,0.92,0.425414364640884,2.1625974025974024,50,0.02,0.3805614187823993,0.8439577211254988,0.8943814476339986
CYP2C19_Veith,tuned_rf_uncertainty_only_guard,K100,100,100,2534,1078,91,0.08441558441558442,0.91,0.425414364640884,2.139090909090909,100,0.01,0.4221502204227665,0.8439577211254988,0.8943814476339986
CYP2C19_Veith,tuned_rf_uncertainty_only_guard,Top20pct,507,507,2534,1078,431,0.39981447124304265,0.8500986193293886,0.425414364640884,1.9982837675145366,507,0.0019723865877712033,0.4935362551814376,0.8439577211254988,0.8943814476339986
CYP2C19_Veith,tuned_rf_conformal_rejection_baseline,K50,50,50,2534,1078,45,0.041743970315398886,0.9,0.425414364640884,2.1155844155844155,50,0.02,0.3840315898621429,0.8441168012072862,0.8950230254439436
CYP2C19_Veith,tuned_rf_conformal_rejection_baseline,K100,100,100,2534,1078,92,0.08534322820037106,0.92,0.425414364640884,2.1625974025974024,100,0.01,0.4306797807921996,0.8441168012072862,0.8950230254439436
CYP2C19_Veith,tuned_rf_conformal_rejection_baseline,Top20pct,507,507,2534,1078,431,0.39981447124304265,0.8500986193293886,0.425414364640884,1.9982837675145366,507,0.0019723865877712033,0.4940479703397025,0.8441168012072862,0.8950230254439436
CYP2C19_Veith,tuned_rf_ucb_uncertainty_proxy,K50,50,50,2534,1078,45,0.041743970315398886,0.9,0.425414364640884,2.1155844155844155,50,0.02,0.38403158986214303,0.844095337031551,0.8945521952537258
CYP2C19_Veith,tuned_rf_ucb_uncertainty_proxy,K100,100,100,2534,1078,91,0.08441558441558442,0.91,0.425414364640884,2.139090909090909,100,0.01,0.4288405882991546,0.844095337031551,0.8945521952537258
CYP2C19_Veith,tuned_rf_ucb_uncertainty_proxy,Top20pct,507,507,2534,1078,431,0.39981447124304265,0.8500986193293886,0.425414364640884,1.9982837675145366,507,0.0019723865877712033,0.49476316574711077,0.844095337031551,0.8945521952537258
CYP2C19_Veith,tuned_hgb_activity_only,K50,50,50,2534,1078,45,0.041743970315398886,0.9,0.425414364640884,2.1155844155844155,25,0.24,0.3770118088006174,0.8502140620339735,0.9019147306774857
CYP2C19_Veith,tuned_hgb_activity_only,K100,100,100,2534,1078,93,0.0862708719851577,0.93,0.425414364640884,2.186103896103896,58,0.17,0.4087536609595361,0.8502140620339735,0.9019147306774857
CYP2C19_Veith,tuned_hgb_activity_only,Top20pct,507,507,2534,1078,461,0.42764378478664195,0.9092702169625246,0.425414364640884,2.1373754450677525,363,0.05128205128205128,0.47313784166436984,0.8502140620339735,0.9019147306774857
CYP2C19_Veith,tuned_hgb_scaffold_quota,K50,50,50,2534,1078,46,0.04267161410018553,0.92,0.425414364640884,2.1625974025974024,50,0.02,0.4546846460873383,0.8502140620339735,0.9019147306774857
CYP2C19_Veith,tuned_hgb_scaffold_quota,K100,100,100,2534,1078,90,0.08348794063079777,0.9,0.425414364640884,2.1155844155844155,100,0.01,0.47640060294773934,0.8502140620339735,0.9019147306774857
CYP2C19_Veith,tuned_hgb_scaffold_quota,Top20pct,507,507,2534,1078,438,0.40630797773654914,0.863905325443787,0.425414364640884,2.030738492276954,507,0.0019723865877712033,0.49774496501715637,0.8502140620339735,0.9019147306774857
CYP2C19_Veith,tuned_hgb_ad_distance_guard,K50,50,50,2534,1078,46,0.04267161410018553,0.92,0.425414364640884,2.1625974025974024,50,0.02,0.32362782784895494,0.8532955196686813,0.9015203546453547
CYP2C19_Veith,tuned_hgb_ad_distance_guard,K100,100,100,2534,1078,90,0.08348794063079777,0.9,0.425414364640884,2.1155844155844155,100,0.01,0.3839160398940487,0.8532955196686813,0.9015203546453547
CYP2C19_Veith,tuned_hgb_ad_distance_guard,Top20pct,507,507,2534,1078,437,0.40538033395176254,0.8619329388560157,0.425414364640884,2.02610210302518,507,0.0019723865877712033,0.48213810778473165,0.8532955196686813,0.9015203546453547
CYP2C19_Veith,tuned_hgb_uncertainty_only_guard,K50,50,50,2534,1078,46,0.04267161410018553,0.92,0.425414364640884,2.1625974025974024,50,0.02,0.4546846460873383,0.8502140620339735,0.9019147306774857
CYP2C19_Veith,tuned_hgb_uncertainty_only_guard,K100,100,100,2534,1078,90,0.08348794063079777,0.9,0.425414364640884,2.1155844155844155,100,0.01,0.47640060294773934,0.8502140620339735,0.9019147306774857
CYP2C19_Veith,tuned_hgb_uncertainty_only_guard,Top20pct,507,507,2534,1078,438,0.40630797773654914,0.863905325443787,0.425414364640884,2.030738492276954,507,0.0019723865877712033,0.49774496501715637,0.8502140620339735,0.9019147306774857
CYP2C19_Veith,tuned_hgb_conformal_rejection_baseline,K50,50,50,2534,1078,46,0.04267161410018553,0.92,0.425414364640884,2.1625974025974024,50,0.02,0.4546846460873383,0.8502140620339735,0.9019147306774857
CYP2C19_Veith,tuned_hgb_conformal_rejection_baseline,K100,100,100,2534,1078,90,0.08348794063079777,0.9,0.425414364640884,2.1155844155844155,100,0.01,0.47640060294773934,0.8502140620339735,0.9019147306774857
CYP2C19_Veith,tuned_hgb_conformal_rejection_baseline,Top20pct,507,507,2534,1078,438,0.40630797773654914,0.863905325443787,0.425414364640884,2.030738492276954,507,0.0019723865877712033,0.49774496501715637,0.8502140620339735,0.9019147306774857
CYP1A2_Veith,random_fixed_seed,K50,50,50,2517,1140,21,0.018421052631578946,0.42,0.45292014302741357,0.9273157894736842,49,0.04,0.4580971694941305,0.47107582674623405,0.520543643058263
CYP1A2_Veith,random_fixed_seed,K100,100,100,2517,1140,49,0.04298245614035088,0.49,0.45292014302741357,1.0818684210526317,94,0.03,0.45848062771721315,0.47107582674623405,0.520543643058263
CYP1A2_Veith,random_fixed_seed,Top20pct,503,503,2517,1140,245,0.2149122807017544,0.4870775347912525,0.45292014302741357,1.0754159254996338,425,0.011928429423459244,0.47040541927634616,0.47107582674623405,0.520543643058263
CYP1A2_Veith,tuned_rf_activity_only,K50,50,50,2517,1140,50,0.043859649122807015,1.0,0.45292014302741357,2.2078947368421056,21,0.12,0.25686631896258016,0.9053264320296723,0.918011122577686
CYP1A2_Veith,tuned_rf_activity_only,K100,100,100,2517,1140,100,0.08771929824561403,1.0,0.45292014302741357,2.2078947368421056,39,0.1,0.2648263881384016,0.9053264320296723,0.918011122577686
CYP1A2_Veith,tuned_rf_activity_only,Top20pct,503,503,2517,1140,487,0.42719298245614035,0.9681908548707754,0.45292014302741357,2.1376634927278437,248,0.06560636182902585,0.3947928834589192,0.9053264320296723,0.918011122577686
CYP1A2_Veith,tuned_rf_scaffold_quota,K50,50,50,2517,1140,49,0.04298245614035088,0.98,0.45292014302741357,2.1637368421052634,50,0.02,0.27602567870841865,0.9053264320296723,0.918011122577686
CYP1A2_Veith,tuned_rf_scaffold_quota,K100,100,100,2517,1140,99,0.0868421052631579,0.99,0.45292014302741357,2.1858157894736845,100,0.01,0.3734433139132063,0.9053264320296723,0.918011122577686
CYP1A2_Veith,tuned_rf_scaffold_quota,Top20pct,503,503,2517,1140,428,0.37543859649122807,0.8508946322067594,0.45292014302741357,1.878685780056503,503,0.0019880715705765406,0.48568485206292056,0.9053264320296723,0.918011122577686
CYP1A2_Veith,tuned_rf_ad_distance_guard,K50,50,50,2517,1140,49,0.04298245614035088,0.98,0.45292014302741357,2.1637368421052634,50,0.02,0.23664624472168463,0.9027860654974116,0.917725732268216
CYP1A2_Veith,tuned_rf_ad_distance_guard,K100,100,100,2517,1140,99,0.0868421052631579,0.99,0.45292014302741357,2.1858157894736845,100,0.01,0.3153986177105925,0.9027860654974116,0.917725732268216
CYP1A2_Veith,tuned_rf_ad_distance_guard,Top20pct,503,503,2517,1140,427,0.37456140350877193,0.8489065606361829,0.45292014302741357,1.8742963272993618,503,0.0019880715705765406,0.47338744357971246,0.9027860654974116,0.917725732268216
CYP1A2_Veith,tuned_rf_uncertainty_only_guard,K50,50,50,2517,1140,49,0.04298245614035088,0.98,0.45292014302741357,2.1637368421052634,50,0.02,0.2769974320752885,0.9038663921000015,0.9142309750410885
CYP1A2_Veith,tuned_rf_uncertainty_only_guard,K100,100,100,2517,1140,99,0.0868421052631579,0.99,0.45292014302741357,2.1858157894736845,100,0.01,0.3721453152816303,0.9038663921000015,0.9142309750410885
CYP1A2_Veith,tuned_rf_uncertainty_only_guard,Top20pct,503,503,2517,1140,428,0.37543859649122807,0.8508946322067594,0.45292014302741357,1.878685780056503,503,0.0019880715705765406,0.4846745938438231,0.9038663921000015,0.9142309750410885
CYP1A2_Veith,tuned_rf_conformal_rejection_baseline,K50,50,50,2517,1140,49,0.04298245614035088,0.98,0.45292014302741357,2.1637368421052634,50,0.02,0.27602567870841865,0.9053264320296723,0.918011122577686
CYP1A2_Veith,tuned_rf_conformal_rejection_baseline,K100,100,100,2517,1140,99,0.0868421052631579,0.99,0.45292014302741357,2.1858157894736845,100,0.01,0.3734433139132063,0.9053264320296723,0.918011122577686
CYP1A2_Veith,tuned_rf_conformal_rejection_baseline,Top20pct,503,503,2517,1140,428,0.37543859649122807,0.8508946322067594,0.45292014302741357,1.878685780056503,503,0.0019880715705765406,0.48568485206292056,0.9053264320296723,0.918011122577686
CYP1A2_Veith,tuned_rf_ucb_uncertainty_proxy,K50,50,50,2517,1140,49,0.04298245614035088,0.98,0.45292014302741357,2.1637368421052634,50,0.02,0.27672648733375554,0.9053772284126185,0.9180117596096269
CYP1A2_Veith,tuned_rf_ucb_uncertainty_proxy,K100,100,100,2517,1140,99,0.0868421052631579,0.99,0.45292014302741357,2.1858157894736845,100,0.01,0.37200984291086386,0.9053772284126185,0.9180117596096269
CYP1A2_Veith,tuned_rf_ucb_uncertainty_proxy,Top20pct,503,503,2517,1140,428,0.37543859649122807,0.8508946322067594,0.45292014302741357,1.878685780056503,503,0.0019880715705765406,0.4846525601867094,0.9053772284126185,0.9180117596096269
CYP1A2_Veith,tuned_hgb_activity_only,K50,50,50,2517,1140,50,0.043859649122807015,1.0,0.45292014302741357,2.2078947368421056,27,0.1,0.26880665572028667,0.9141354874319506,0.9266021353310655
CYP1A2_Veith,tuned_hgb_activity_only,K100,100,100,2517,1140,100,0.08771929824561403,1.0,0.45292014302741357,2.2078947368421056,37,0.18,0.28930894915430816,0.9141354874319506,0.9266021353310655
CYP1A2_Veith,tuned_hgb_activity_only,Top20pct,503,503,2517,1140,484,0.4245614035087719,0.9622266401590457,0.45292014302741357,2.1244951344564194,239,0.06958250497017893,0.40059310885415084,0.9141354874319506,0.9266021353310655
CYP1A2_Veith,tuned_hgb_scaffold_quota,K50,50,50,2517,1140,50,0.043859649122807015,1.0,0.45292014302741357,2.2078947368421056,50,0.02,0.32076855561655665,0.9141354874319506,0.9266021353310655
CYP1A2_Veith,tuned_hgb_scaffold_quota,K100,100,100,2517,1140,99,0.0868421052631579,0.99,0.45292014302741357,2.1858157894736845,100,0.01,0.3908351618313071,0.9141354874319506,0.9266021353310655
CYP1A2_Veith,tuned_hgb_scaffold_quota,Top20pct,503,503,2517,1140,445,0.39035087719298245,0.8846918489065606,0.45292014302741357,1.9533064769279063,503,0.0019880715705765406,0.48531431517869855,0.9141354874319506,0.9266021353310655
CYP1A2_Veith,tuned_hgb_ad_distance_guard,K50,50,50,2517,1140,49,0.04298245614035088,0.98,0.45292014302741357,2.1637368421052634,50,0.02,0.23264886528359,0.9102684827347478,0.9257574309775891
CYP1A2_Veith,tuned_hgb_ad_distance_guard,K100,100,100,2517,1140,99,0.0868421052631579,0.99,0.45292014302741357,2.1858157894736845,100,0.01,0.3007827043741658,0.9102684827347478,0.9257574309775891
CYP1A2_Veith,tuned_hgb_ad_distance_guard,Top20pct,503,503,2517,1140,442,0.387719298245614,0.878727634194831,0.45292014302741357,1.9401381186564823,503,0.0019880715705765406,0.4733300739462829,0.9102684827347478,0.9257574309775891
CYP1A2_Veith,tuned_hgb_uncertainty_only_guard,K50,50,50,2517,1140,50,0.043859649122807015,1.0,0.45292014302741357,2.2078947368421056,50,0.02,0.32076855561655665,0.9141354874319506,0.9266021353310655
CYP1A2_Veith,tuned_hgb_uncertainty_only_guard,K100,100,100,2517,1140,99,0.0868421052631579,0.99,0.45292014302741357,2.1858157894736845,100,0.01,0.3908351618313071,0.9141354874319506,0.9266021353310655
CYP1A2_Veith,tuned_hgb_uncertainty_only_guard,Top20pct,503,503,2517,1140,445,0.39035087719298245,0.8846918489065606,0.45292014302741357,1.9533064769279063,503,0.0019880715705765406,0.48531431517869855,0.9141354874319506,0.9266021353310655
CYP1A2_Veith,tuned_hgb_conformal_rejection_baseline,K50,50,50,2517,1140,50,0.043859649122807015,1.0,0.45292014302741357,2.2078947368421056,50,0.02,0.32076855561655665,0.9141354874319506,0.9266021353310655
CYP1A2_Veith,tuned_hgb_conformal_rejection_baseline,K100,100,100,2517,1140,99,0.0868421052631579,0.99,0.45292014302741357,2.1858157894736845,100,0.01,0.3908351618313071,0.9141354874319506,0.9266021353310655
CYP1A2_Veith,tuned_hgb_conformal_rejection_baseline,Top20pct,503,503,2517,1140,445,0.39035087719298245,0.8846918489065606,0.45292014302741357,1.9533064769279063,503,0.0019880715705765406,0.48531431517869855,0.9141354874319506,0.9266021353310655
Bioavailability_Ma,random_fixed_seed,K50,50,50,128,102,40,0.39215686274509803,0.8,0.796875,1.003921568627451,43,0.08,0.5623065978361542,0.8142915134635811,0.5188536953242836
Bioavailability_Ma,random_fixed_seed,K100,100,100,128,102,81,0.7941176470588235,0.81,0.796875,1.0164705882352942,80,0.04,0.5734324232613148,0.8142915134635811,0.5188536953242836
Bioavailability_Ma,random_fixed_seed,Top20pct,26,26,128,102,21,0.20588235294117646,0.8076923076923077,0.796875,1.0135746606334841,23,0.11538461538461539,0.5769924667875288,0.8142915134635811,0.5188536953242836
Bioavailability_Ma,tuned_rf_activity_only,K50,50,50,128,102,46,0.45098039215686275,0.92,0.796875,1.1545098039215687,40,0.08,0.6057557465607217,0.9223508416725411,0.7484917043740573
Bioavailability_Ma,tuned_rf_activity_only,K100,100,100,128,102,86,0.8431372549019608,0.86,0.796875,1.0792156862745097,83,0.04,0.6066823719373847,0.9223508416725411,0.7484917043740573
Bioavailability_Ma,tuned_rf_activity_only,Top20pct,26,26,128,102,25,0.24509803921568626,0.9615384615384616,0.796875,1.2066365007541477,20,0.11538461538461539,0.5837785085894958,0.9223508416725411,0.7484917043740573
Bioavailability_Ma,tuned_rf_scaffold_quota,K50,50,50,128,102,44,0.43137254901960786,0.88,0.796875,1.104313725490196,50,0.02,0.5927735905057352,0.9223508416725411,0.7484917043740573
Bioavailability_Ma,tuned_rf_scaffold_quota,K100,100,100,128,102,80,0.7843137254901961,0.8,0.796875,1.003921568627451,100,0.01,0.5720993191580274,0.9223508416725411,0.7484917043740573
Bioavailability_Ma,tuned_rf_scaffold_quota,Top20pct,26,26,128,102,25,0.24509803921568626,0.9615384615384616,0.796875,1.2066365007541477,26,0.038461538461538464,0.5796621999312632,0.9223508416725411,0.7484917043740573
Bioavailability_Ma,tuned_rf_ad_distance_guard,K50,50,50,128,102,43,0.4215686274509804,0.86,0.796875,1.0792156862745097,50,0.02,0.5623863837192928,0.9196009330341435,0.745475113122172
Bioavailability_Ma,tuned_rf_ad_distance_guard,K100,100,100,128,102,80,0.7843137254901961,0.8,0.796875,1.003921568627451,100,0.01,0.5706688198327913,0.9196009330341435,0.745475113122172
Bioavailability_Ma,tuned_rf_ad_distance_guard,Top20pct,26,26,128,102,26,0.2549019607843137,1.0,0.796875,1.2549019607843137,26,0.038461538461538464,0.5325585779982005,0.9196009330341435,0.745475113122172
Bioavailability_Ma,tuned_rf_uncertainty_only_guard,K50,50,50,128,102,45,0.4411764705882353,0.9,0.796875,1.1294117647058823,50,0.02,0.5923569238390685,0.9208138728336062,0.7473604826546002
Bioavailability_Ma,tuned_rf_uncertainty_only_guard,K100,100,100,128,102,80,0.7843137254901961,0.8,0.796875,1.003921568627451,100,0.01,0.5720993191580274,0.9208138728336062,0.7473604826546002
Bioavailability_Ma,tuned_rf_uncertainty_only_guard,Top20pct,26,26,128,102,25,0.24509803921568626,0.9615384615384616,0.796875,1.2066365007541477,26,0.038461538461538464,0.5796621999312631,0.9208138728336062,0.7473604826546002
Bioavailability_Ma,tuned_rf_conformal_rejection_baseline,K50,50,50,128,102,44,0.43137254901960786,0.88,0.796875,1.104313725490196,50,0.02,0.5927735905057352,0.9223508416725411,0.7484917043740573
Bioavailability_Ma,tuned_rf_conformal_rejection_baseline,K100,100,100,128,102,80,0.7843137254901961,0.8,0.796875,1.003921568627451,100,0.01,0.5720993191580274,0.9223508416725411,0.7484917043740573
Bioavailability_Ma,tuned_rf_conformal_rejection_baseline,Top20pct,26,26,128,102,25,0.24509803921568626,0.9615384615384616,0.796875,1.2066365007541477,26,0.038461538461538464,0.5796621999312632,0.9223508416725411,0.7484917043740573
Bioavailability_Ma,tuned_rf_ucb_uncertainty_proxy,K50,50,50,128,102,44,0.43137254901960786,0.88,0.796875,1.104313725490196,50,0.02,0.5927735905057352,0.9219141393452523,0.7481146304675717
Bioavailability_Ma,tuned_rf_ucb_uncertainty_proxy,K100,100,100,128,102,80,0.7843137254901961,0.8,0.796875,1.003921568627451,100,0.01,0.5720993191580274,0.9219141393452523,0.7481146304675717
Bioavailability_Ma,tuned_rf_ucb_uncertainty_proxy,Top20pct,26,26,128,102,25,0.24509803921568626,0.9615384615384616,0.796875,1.2066365007541477,26,0.038461538461538464,0.5796621999312631,0.9219141393452523,0.7481146304675717
Bioavailability_Ma,tuned_hgb_activity_only,K50,50,50,128,102,47,0.46078431372549017,0.94,0.796875,1.1796078431372548,40,0.08,0.6242178781554572,0.9223554818579058,0.7575414781297134
Bioavailability_Ma,tuned_hgb_activity_only,K100,100,100,128,102,86,0.8431372549019608,0.86,0.796875,1.0792156862745097,83,0.04,0.5932752447694113,0.9223554818579058,0.7575414781297134
Bioavailability_Ma,tuned_hgb_activity_only,Top20pct,26,26,128,102,25,0.24509803921568626,0.9615384615384616,0.796875,1.2066365007541477,20,0.11538461538461539,0.6112804596202601,0.9223554818579058,0.7575414781297134
Bioavailability_Ma,tuned_hgb_scaffold_quota,K50,50,50,128,102,45,0.4411764705882353,0.9,0.796875,1.1294117647058823,50,0.02,0.5864620719916891,0.9223554818579058,0.7575414781297134
Bioavailability_Ma,tuned_hgb_scaffold_quota,K100,100,100,128,102,80,0.7843137254901961,0.8,0.796875,1.003921568627451,100,0.01,0.5713699845896502,0.9223554818579058,0.7575414781297134
Bioavailability_Ma,tuned_hgb_scaffold_quota,Top20pct,26,26,128,102,24,0.23529411764705882,0.9230769230769231,0.796875,1.158371040723982,26,0.038461538461538464,0.6167595111707048,0.9223554818579058,0.7575414781297134
Bioavailability_Ma,tuned_hgb_ad_distance_guard,K50,50,50,128,102,46,0.45098039215686275,0.92,0.796875,1.1545098039215687,50,0.02,0.5361878840731048,0.9196457233363252,0.7616892911010558
Bioavailability_Ma,tuned_hgb_ad_distance_guard,K100,100,100,128,102,79,0.7745098039215687,0.79,0.796875,0.9913725490196079,100,0.01,0.5694050723089485,0.9196457233363252,0.7616892911010558
Bioavailability_Ma,tuned_hgb_ad_distance_guard,Top20pct,26,26,128,102,24,0.23529411764705882,0.9230769230769231,0.796875,1.158371040723982,26,0.038461538461538464,0.4835674715141468,0.9196457233363252,0.7616892911010558
Bioavailability_Ma,tuned_hgb_uncertainty_only_guard,K50,50,50,128,102,45,0.4411764705882353,0.9,0.796875,1.1294117647058823,50,0.02,0.5864620719916891,0.9223554818579058,0.7575414781297134
Bioavailability_Ma,tuned_hgb_uncertainty_only_guard,K100,100,100,128,102,80,0.7843137254901961,0.8,0.796875,1.003921568627451,100,0.01,0.5713699845896502,0.9223554818579058,0.7575414781297134
Bioavailability_Ma,tuned_hgb_uncertainty_only_guard,Top20pct,26,26,128,102,24,0.23529411764705882,0.9230769230769231,0.796875,1.158371040723982,26,0.038461538461538464,0.6167595111707048,0.9223554818579058,0.7575414781297134
Bioavailability_Ma,tuned_hgb_conformal_rejection_baseline,K50,50,50,128,102,45,0.4411764705882353,0.9,0.796875,1.1294117647058823,50,0.02,0.5864620719916891,0.9223554818579058,0.7575414781297134
Bioavailability_Ma,tuned_hgb_conformal_rejection_baseline,K100,100,100,128,102,80,0.7843137254901961,0.8,0.796875,1.003921568627451,100,0.01,0.5713699845896502,0.9223554818579058,0.7575414781297134
Bioavailability_Ma,tuned_hgb_conformal_rejection_baseline,Top20pct,26,26,128,102,24,0.23529411764705882,0.9230769230769231,0.796875,1.158371040723982,26,0.038461538461538464,0.6167595111707048,0.9223554818579058,0.7575414781297134
CYP2C9_Substrate_CarbonMangels,random_fixed_seed,K50,50,50,135,22,9,0.4090909090909091,0.18,0.16296296296296298,1.1045454545454545,42,0.08,0.6001589019328074,0.1967496206163371,0.5261464199517296
CYP2C9_Substrate_CarbonMangels,random_fixed_seed,K100,100,100,135,22,15,0.6818181818181818,0.15,0.16296296296296298,0.9204545454545453,82,0.04,0.5766975865203419,0.1967496206163371,0.5261464199517296
CYP2C9_Substrate_CarbonMangels,random_fixed_seed,Top20pct,27,27,135,22,5,0.22727272727272727,0.18518518518518517,0.16296296296296298,1.1363636363636362,22,0.1111111111111111,0.60478521662098,0.1967496206163371,0.5261464199517296
CYP2C9_Substrate_CarbonMangels,tuned_rf_activity_only,K50,50,50,135,22,14,0.6363636363636364,0.28,0.16296296296296298,1.7181818181818183,45,0.06,0.5755070454393141,0.3819423458713955,0.6544650040225262
CYP2C9_Substrate_CarbonMangels,tuned_rf_activity_only,K100,100,100,135,22,16,0.7272727272727273,0.16,0.16296296296296298,0.9818181818181818,86,0.06,0.6065799346606657,0.3819423458713955,0.6544650040225262
CYP2C9_Substrate_CarbonMangels,tuned_rf_activity_only,Top20pct,27,27,135,22,10,0.45454545454545453,0.37037037037037035,0.16296296296296298,2.2727272727272725,26,0.07407407407407407,0.5144600396434725,0.3819423458713955,0.6544650040225262
CYP2C9_Substrate_CarbonMangels,tuned_rf_scaffold_quota,K50,50,50,135,22,13,0.5909090909090909,0.26,0.16296296296296298,1.5954545454545455,50,0.02,0.583290661143359,0.3819423458713955,0.6544650040225262
CYP2C9_Substrate_CarbonMangels,tuned_rf_scaffold_quota,K100,100,100,135,22,17,0.7727272727272727,0.17,0.16296296296296298,1.0431818181818182,100,0.01,0.5954872593404456,0.3819423458713955,0.6544650040225262
CYP2C9_Substrate_CarbonMangels,tuned_rf_scaffold_quota,Top20pct,27,27,135,22,10,0.45454545454545453,0.37037037037037035,0.16296296296296298,2.2727272727272725,27,0.037037037037037035,0.5190968469934581,0.3819423458713955,0.6544650040225262
CYP2C9_Substrate_CarbonMangels,tuned_rf_ad_distance_guard,K50,50,50,135,22,14,0.6363636363636364,0.28,0.16296296296296298,1.7181818181818183,50,0.02,0.5696165132799623,0.367066826278732,0.6500402252614642
CYP2C9_Substrate_CarbonMangels,tuned_rf_ad_distance_guard,K100,100,100,135,22,18,0.8181818181818182,0.18,0.16296296296296298,1.1045454545454545,100,0.01,0.5873100435247226,0.367066826278732,0.6500402252614642
CYP2C9_Substrate_CarbonMangels,tuned_rf_ad_distance_guard,Top20pct,27,27,135,22,10,0.45454545454545453,0.37037037037037035,0.16296296296296298,2.2727272727272725,27,0.037037037037037035,0.5190968469934581,0.367066826278732,0.6500402252614642
CYP2C9_Substrate_CarbonMangels,tuned_rf_uncertainty_only_guard,K50,50,50,135,22,14,0.6363636363636364,0.28,0.16296296296296298,1.7181818181818183,50,0.02,0.5831727265235681,0.37949959187403076,0.656878519710378
CYP2C9_Substrate_CarbonMangels,tuned_rf_uncertainty_only_guard,K100,100,100,135,22,17,0.7727272727272727,0.17,0.16296296296296298,1.0431818181818182,100,0.01,0.5953250060929556,0.37949959187403076,0.656878519710378
CYP2C9_Substrate_CarbonMangels,tuned_rf_uncertainty_only_guard,Top20pct,27,27,135,22,10,0.45454545454545453,0.37037037037037035,0.16296296296296298,2.2727272727272725,27,0.037037037037037035,0.527316296389378,0.37949959187403076,0.656878519710378
CYP2C9_Substrate_CarbonMangels,tuned_rf_conformal_rejection_baseline,K50,50,50,135,22,13,0.5909090909090909,0.26,0.16296296296296298,1.5954545454545455,50,0.02,0.583290661143359,0.3819423458713955,0.6544650040225262
CYP2C9_Substrate_CarbonMangels,tuned_rf_conformal_rejection_baseline,K100,100,100,135,22,17,0.7727272727272727,0.17,0.16296296296296298,1.0431818181818182,100,0.01,0.5954872593404456,0.3819423458713955,0.6544650040225262
CYP2C9_Substrate_CarbonMangels,tuned_rf_conformal_rejection_baseline,Top20pct,27,27,135,22,10,0.45454545454545453,0.37037037037037035,0.16296296296296298,2.2727272727272725,27,0.037037037037037035,0.5190968469934581,0.3819423458713955,0.6544650040225262
CYP2C9_Substrate_CarbonMangels,tuned_rf_ucb_uncertainty_proxy,K50,50,50,135,22,13,0.5909090909090909,0.26,0.16296296296296298,1.5954545454545455,50,0.02,0.5835678122874133,0.38221335456461686,0.6568785197103781
CYP2C9_Substrate_CarbonMangels,tuned_rf_ucb_uncertainty_proxy,K100,100,100,135,22,17,0.7727272727272727,0.17,0.16296296296296298,1.0431818181818182,100,0.01,0.5925616118884823,0.38221335456461686,0.6568785197103781
CYP2C9_Substrate_CarbonMangels,tuned_rf_ucb_uncertainty_proxy,Top20pct,27,27,135,22,10,0.45454545454545453,0.37037037037037035,0.16296296296296298,2.2727272727272725,27,0.037037037037037035,0.5190968469934583,0.38221335456461686,0.6568785197103781
CYP2C9_Substrate_CarbonMangels,tuned_hgb_activity_only,K50,50,50,135,22,13,0.5909090909090909,0.26,0.16296296296296298,1.5954545454545455,48,0.04,0.5686081217192246,0.30696769165652477,0.6150442477876106
CYP2C9_Substrate_CarbonMangels,tuned_hgb_activity_only,K100,100,100,135,22,17,0.7727272727272727,0.17,0.16296296296296298,1.0431818181818182,84,0.06,0.5895104697296625,0.30696769165652477,0.6150442477876106
CYP2C9_Substrate_CarbonMangels,tuned_hgb_activity_only,Top20pct,27,27,135,22,7,0.3181818181818182,0.25925925925925924,0.16296296296296298,1.5909090909090906,27,0.037037037037037035,0.5752966077854779,0.30696769165652477,0.6150442477876106
CYP2C9_Substrate_CarbonMangels,tuned_hgb_scaffold_quota,K50,50,50,135,22,13,0.5909090909090909,0.26,0.16296296296296298,1.5954545454545455,50,0.02,0.5721010510121538,0.30696769165652477,0.6150442477876106
CYP2C9_Substrate_CarbonMangels,tuned_hgb_scaffold_quota,K100,100,100,135,22,16,0.7272727272727273,0.16,0.16296296296296298,0.9818181818181818,100,0.01,0.5922315058754404,0.30696769165652477,0.6150442477876106
CYP2C9_Substrate_CarbonMangels,tuned_hgb_scaffold_quota,Top20pct,27,27,135,22,7,0.3181818181818182,0.25925925925925924,0.16296296296296298,1.5909090909090906,27,0.037037037037037035,0.5752966077854779,0.30696769165652477,0.6150442477876106
CYP2C9_Substrate_CarbonMangels,tuned_hgb_ad_distance_guard,K50,50,50,135,22,13,0.5909090909090909,0.26,0.16296296296296298,1.5954545454545455,50,0.02,0.5721010510121538,0.3113852961809047,0.6170555108608206
CYP2C9_Substrate_CarbonMangels,tuned_hgb_ad_distance_guard,K100,100,100,135,22,16,0.7272727272727273,0.16,0.16296296296296298,0.9818181818181818,100,0.01,0.5922315058754404,0.3113852961809047,0.6170555108608206
CYP2C9_Substrate_CarbonMangels,tuned_hgb_ad_distance_guard,Top20pct,27,27,135,22,7,0.3181818181818182,0.25925925925925924,0.16296296296296298,1.5909090909090906,27,0.037037037037037035,0.5470903271395877,0.3113852961809047,0.6170555108608206
CYP2C9_Substrate_CarbonMangels,tuned_hgb_uncertainty_only_guard,K50,50,50,135,22,13,0.5909090909090909,0.26,0.16296296296296298,1.5954545454545455,50,0.02,0.5721010510121538,0.30696769165652477,0.6150442477876106
CYP2C9_Substrate_CarbonMangels,tuned_hgb_uncertainty_only_guard,K100,100,100,135,22,16,0.7272727272727273,0.16,0.16296296296296298,0.9818181818181818,100,0.01,0.5922315058754404,0.30696769165652477,0.6150442477876106
CYP2C9_Substrate_CarbonMangels,tuned_hgb_uncertainty_only_guard,Top20pct,27,27,135,22,7,0.3181818181818182,0.25925925925925924,0.16296296296296298,1.5909090909090906,27,0.037037037037037035,0.5752966077854779,0.30696769165652477,0.6150442477876106
CYP2C9_Substrate_CarbonMangels,tuned_hgb_conformal_rejection_baseline,K50,50,50,135,22,13,0.5909090909090909,0.26,0.16296296296296298,1.5954545454545455,50,0.02,0.5721010510121538,0.30696769165652477,0.6150442477876106
CYP2C9_Substrate_CarbonMangels,tuned_hgb_conformal_rejection_baseline,K100,100,100,135,22,16,0.7272727272727273,0.16,0.16296296296296298,0.9818181818181818,100,0.01,0.5922315058754404,0.30696769165652477,0.6150442477876106
CYP2C9_Substrate_CarbonMangels,tuned_hgb_conformal_rejection_baseline,Top20pct,27,27,135,22,7,0.3181818181818182,0.25925925925925924,0.16296296296296298,1.5909090909090906,27,0.037037037037037035,0.5752966077854779,0.30696769165652477,0.6150442477876106
CYP2D6_Substrate_CarbonMangels,random_fixed_seed,K50,50,50,135,39,14,0.358974358974359,0.28,0.28888888888888886,0.9692307692307695,39,0.12,0.5316444933932234,0.3517820919771321,0.5077457264957266
CYP2D6_Substrate_CarbonMangels,random_fixed_seed,K100,100,100,135,39,29,0.7435897435897436,0.29,0.28888888888888886,1.0038461538461538,80,0.08,0.5696512297127241,0.3517820919771321,0.5077457264957266
CYP2D6_Substrate_CarbonMangels,random_fixed_seed,Top20pct,27,27,135,39,7,0.1794871794871795,0.25925925925925924,0.28888888888888886,0.8974358974358975,21,0.14814814814814814,0.5154676544693533,0.3517820919771321,0.5077457264957266
CYP2D6_Substrate_CarbonMangels,tuned_rf_activity_only,K50,50,50,135,39,22,0.5641025641025641,0.44,0.28888888888888886,1.5230769230769232,43,0.06,0.5873117308191282,0.6086849246157301,0.7160790598290598
CYP2D6_Substrate_CarbonMangels,tuned_rf_activity_only,K100,100,100,135,39,34,0.8717948717948718,0.34,0.28888888888888886,1.1769230769230772,81,0.05,0.5880834834890779,0.6086849246157301,0.7160790598290598
CYP2D6_Substrate_CarbonMangels,tuned_rf_activity_only,Top20pct,27,27,135,39,17,0.4358974358974359,0.6296296296296297,0.28888888888888886,2.1794871794871797,22,0.1111111111111111,0.5835979783312003,0.6086849246157301,0.7160790598290598
CYP2D6_Substrate_CarbonMangels,tuned_rf_scaffold_quota,K50,50,50,135,39,19,0.48717948717948717,0.38,0.28888888888888886,1.3153846153846156,50,0.02,0.589087280193359,0.6086849246157301,0.7160790598290598
CYP2D6_Substrate_CarbonMangels,tuned_rf_scaffold_quota,K100,100,100,135,39,31,0.7948717948717948,0.31,0.28888888888888886,1.0730769230769233,99,0.02,0.579521300324537,0.6086849246157301,0.7160790598290598
CYP2D6_Substrate_CarbonMangels,tuned_rf_scaffold_quota,Top20pct,27,27,135,39,15,0.38461538461538464,0.5555555555555556,0.28888888888888886,1.9230769230769234,27,0.037037037037037035,0.5600238027590524,0.6086849246157301,0.7160790598290598
CYP2D6_Substrate_CarbonMangels,tuned_rf_ad_distance_guard,K50,50,50,135,39,19,0.48717948717948717,0.38,0.28888888888888886,1.3153846153846156,50,0.02,0.5707869178944991,0.5923711581367697,0.7107371794871794
CYP2D6_Substrate_CarbonMangels,tuned_rf_ad_distance_guard,K100,100,100,135,39,31,0.7948717948717948,0.31,0.28888888888888886,1.0730769230769233,99,0.02,0.579521300324537,0.5923711581367697,0.7107371794871794
CYP2D6_Substrate_CarbonMangels,tuned_rf_ad_distance_guard,Top20pct,27,27,135,39,14,0.358974358974359,0.5185185185185185,0.28888888888888886,1.794871794871795,27,0.037037037037037035,0.5558927486279982,0.5923711581367697,0.7107371794871794
CYP2D6_Substrate_CarbonMangels,tuned_rf_uncertainty_only_guard,K50,50,50,135,39,19,0.48717948717948717,0.38,0.28888888888888886,1.3153846153846156,50,0.02,0.5874209139087754,0.6081270045800852,0.7120726495726496
CYP2D6_Substrate_CarbonMangels,tuned_rf_uncertainty_only_guard,K100,100,100,135,39,31,0.7948717948717948,0.31,0.28888888888888886,1.0730769230769233,99,0.02,0.579521300324537,0.6081270045800852,0.7120726495726496
CYP2D6_Substrate_CarbonMangels,tuned_rf_uncertainty_only_guard,Top20pct,27,27,135,39,14,0.358974358974359,0.5185185185185185,0.28888888888888886,1.794871794871795,27,0.037037037037037035,0.559799999186155,0.6081270045800852,0.7120726495726496
CYP2D6_Substrate_CarbonMangels,tuned_rf_conformal_rejection_baseline,K50,50,50,135,39,19,0.48717948717948717,0.38,0.28888888888888886,1.3153846153846156,50,0.02,0.589087280193359,0.6086849246157301,0.7160790598290598
CYP2D6_Substrate_CarbonMangels,tuned_rf_conformal_rejection_baseline,K100,100,100,135,39,31,0.7948717948717948,0.31,0.28888888888888886,1.0730769230769233,99,0.02,0.579521300324537,0.6086849246157301,0.7160790598290598
CYP2D6_Substrate_CarbonMangels,tuned_rf_conformal_rejection_baseline,Top20pct,27,27,135,39,15,0.38461538461538464,0.5555555555555556,0.28888888888888886,1.9230769230769234,27,0.037037037037037035,0.5600238027590524,0.6086849246157301,0.7160790598290598
CYP2D6_Substrate_CarbonMangels,tuned_rf_ucb_uncertainty_proxy,K50,50,50,135,39,20,0.5128205128205128,0.4,0.28888888888888886,1.3846153846153848,50,0.02,0.5898703489764278,0.6104643946647542,0.7158119658119658
CYP2D6_Substrate_CarbonMangels,tuned_rf_ucb_uncertainty_proxy,K100,100,100,135,39,31,0.7948717948717948,0.31,0.28888888888888886,1.0730769230769233,99,0.02,0.579521300324537,0.6104643946647542,0.7158119658119658
CYP2D6_Substrate_CarbonMangels,tuned_rf_ucb_uncertainty_proxy,Top20pct,27,27,135,39,14,0.358974358974359,0.5185185185185185,0.28888888888888886,1.794871794871795,27,0.037037037037037035,0.5588023685588949,0.6104643946647542,0.7158119658119658
CYP2D6_Substrate_CarbonMangels,tuned_hgb_activity_only,K50,50,50,135,39,26,0.6666666666666666,0.52,0.28888888888888886,1.8000000000000003,41,0.06,0.5659962349062662,0.5275990383901857,0.6858974358974359
CYP2D6_Substrate_CarbonMangels,tuned_hgb_activity_only,K100,100,100,135,39,32,0.8205128205128205,0.32,0.28888888888888886,1.1076923076923078,77,0.06,0.5684268522595509,0.5275990383901857,0.6858974358974359
CYP2D6_Substrate_CarbonMangels,tuned_hgb_activity_only,Top20pct,27,27,135,39,16,0.41025641025641024,0.5925925925925926,0.28888888888888886,2.0512820512820515,22,0.1111111111111111,0.5891623827838965,0.5275990383901857,0.6858974358974359
CYP2D6_Substrate_CarbonMangels,tuned_hgb_scaffold_quota,K50,50,50,135,39,21,0.5384615384615384,0.42,0.28888888888888886,1.453846153846154,50,0.02,0.5816974761248646,0.5275990383901857,0.6858974358974359
CYP2D6_Substrate_CarbonMangels,tuned_hgb_scaffold_quota,K100,100,100,135,39,30,0.7692307692307693,0.3,0.28888888888888886,1.0384615384615385,99,0.02,0.5799946849961315,0.5275990383901857,0.6858974358974359
CYP2D6_Substrate_CarbonMangels,tuned_hgb_scaffold_quota,Top20pct,27,27,135,39,16,0.41025641025641024,0.5925925925925926,0.28888888888888886,2.0512820512820515,27,0.037037037037037035,0.5849275881355388,0.5275990383901857,0.6858974358974359
CYP2D6_Substrate_CarbonMangels,tuned_hgb_ad_distance_guard,K50,50,50,135,39,21,0.5384615384615384,0.42,0.28888888888888886,1.453846153846154,50,0.02,0.5800914298329419,0.5382083247025344,0.686965811965812
CYP2D6_Substrate_CarbonMangels,tuned_hgb_ad_distance_guard,K100,100,100,135,39,29,0.7435897435897436,0.29,0.28888888888888886,1.0038461538461538,99,0.02,0.5787419377433841,0.5382083247025344,0.686965811965812
CYP2D6_Substrate_CarbonMangels,tuned_hgb_ad_distance_guard,Top20pct,27,27,135,39,16,0.41025641025641024,0.5925925925925926,0.28888888888888886,2.0512820512820515,27,0.037037037037037035,0.5849275881355388,0.5382083247025344,0.686965811965812
CYP2D6_Substrate_CarbonMangels,tuned_hgb_uncertainty_only_guard,K50,50,50,135,39,21,0.5384615384615384,0.42,0.28888888888888886,1.453846153846154,50,0.02,0.5816974761248646,0.5275990383901857,0.6858974358974359
CYP2D6_Substrate_CarbonMangels,tuned_hgb_uncertainty_only_guard,K100,100,100,135,39,30,0.7692307692307693,0.3,0.28888888888888886,1.0384615384615385,99,0.02,0.5799946849961315,0.5275990383901857,0.6858974358974359
CYP2D6_Substrate_CarbonMangels,tuned_hgb_uncertainty_only_guard,Top20pct,27,27,135,39,16,0.41025641025641024,0.5925925925925926,0.28888888888888886,2.0512820512820515,27,0.037037037037037035,0.5849275881355388,0.5275990383901857,0.6858974358974359
CYP2D6_Substrate_CarbonMangels,tuned_hgb_conformal_rejection_baseline,K50,50,50,135,39,21,0.5384615384615384,0.42,0.28888888888888886,1.453846153846154,50,0.02,0.5816974761248646,0.5275990383901857,0.6858974358974359
CYP2D6_Substrate_CarbonMangels,tuned_hgb_conformal_rejection_baseline,K100,100,100,135,39,30,0.7692307692307693,0.3,0.28888888888888886,1.0384615384615385,99,0.02,0.5799946849961315,0.5275990383901857,0.6858974358974359
CYP2D6_Substrate_CarbonMangels,tuned_hgb_conformal_rejection_baseline,Top20pct,27,27,135,39,16,0.41025641025641024,0.5925925925925926,0.28888888888888886,2.0512820512820515,27,0.037037037037037035,0.5849275881355388,0.5275990383901857,0.6858974358974359
CYP3A4_Substrate_CarbonMangels,random_fixed_seed,K50,50,50,135,75,31,0.41333333333333333,0.62,0.5555555555555556,1.1159999999999999,45,0.06,0.5550103282314599,0.5786682603699145,0.5213333333333333
CYP3A4_Substrate_CarbonMangels,random_fixed_seed,K100,100,100,135,75,55,0.7333333333333333,0.55,0.5555555555555556,0.99,85,0.04,0.5690230539696823,0.5786682603699145,0.5213333333333333
CYP3A4_Substrate_CarbonMangels,random_fixed_seed,Top20pct,27,27,135,75,16,0.21333333333333335,0.5925925925925926,0.5555555555555556,1.0666666666666667,27,0.037037037037037035,0.5383882928428543,0.5786682603699145,0.5213333333333333
CYP3A4_Substrate_CarbonMangels,tuned_rf_activity_only,K50,50,50,135,75,34,0.4533333333333333,0.68,0.5555555555555556,1.224,45,0.06,0.5312076401834764,0.7052510044245837,0.6848888888888889
CYP3A4_Substrate_CarbonMangels,tuned_rf_activity_only,K100,100,100,135,75,65,0.8666666666666667,0.65,0.5555555555555556,1.17,84,0.04,0.5725500323661042,0.7052510044245837,0.6848888888888889
CYP3A4_Substrate_CarbonMangels,tuned_rf_activity_only,Top20pct,27,27,135,75,20,0.26666666666666666,0.7407407407407407,0.5555555555555556,1.3333333333333333,27,0.037037037037037035,0.504734557624469,0.7052510044245837,0.6848888888888889
CYP3A4_Substrate_CarbonMangels,tuned_rf_scaffold_quota,K50,50,50,135,75,34,0.4533333333333333,0.68,0.5555555555555556,1.224,50,0.02,0.5301229514990433,0.7052510044245837,0.6848888888888889
CYP3A4_Substrate_CarbonMangels,tuned_rf_scaffold_quota,K100,100,100,135,75,59,0.7866666666666666,0.59,0.5555555555555556,1.0619999999999998,100,0.01,0.5725801421880544,0.7052510044245837,0.6848888888888889
CYP3A4_Substrate_CarbonMangels,tuned_rf_scaffold_quota,Top20pct,27,27,135,75,20,0.26666666666666666,0.7407407407407407,0.5555555555555556,1.3333333333333333,27,0.037037037037037035,0.504734557624469,0.7052510044245837,0.6848888888888889
CYP3A4_Substrate_CarbonMangels,tuned_rf_ad_distance_guard,K50,50,50,135,75,36,0.48,0.72,0.5555555555555556,1.2959999999999998,50,0.02,0.5087855803946811,0.70244539077069,0.6802222222222222
CYP3A4_Substrate_CarbonMangels,tuned_rf_ad_distance_guard,K100,100,100,135,75,59,0.7866666666666666,0.59,0.5555555555555556,1.0619999999999998,100,0.01,0.5662975856000223,0.70244539077069,0.6802222222222222
CYP3A4_Substrate_CarbonMangels,tuned_rf_ad_distance_guard,Top20pct,27,27,135,75,18,0.24,0.6666666666666666,0.5555555555555556,1.2,27,0.037037037037037035,0.4639264879078341,0.70244539077069,0.6802222222222222
CYP3A4_Substrate_CarbonMangels,tuned_rf_uncertainty_only_guard,K50,50,50,135,75,34,0.4533333333333333,0.68,0.5555555555555556,1.224,50,0.02,0.529520249285088,0.7072644238664528,0.6902222222222222
CYP3A4_Substrate_CarbonMangels,tuned_rf_uncertainty_only_guard,K100,100,100,135,75,60,0.8,0.6,0.5555555555555556,1.0799999999999998,100,0.01,0.5697640745347775,0.7072644238664528,0.6902222222222222
CYP3A4_Substrate_CarbonMangels,tuned_rf_uncertainty_only_guard,Top20pct,27,27,135,75,19,0.25333333333333335,0.7037037037037037,0.5555555555555556,1.2666666666666666,27,0.037037037037037035,0.49733690536290104,0.7072644238664528,0.6902222222222222
CYP3A4_Substrate_CarbonMangels,tuned_rf_conformal_rejection_baseline,K50,50,50,135,75,34,0.4533333333333333,0.68,0.5555555555555556,1.224,50,0.02,0.5301229514990433,0.7052510044245837,0.6848888888888889
CYP3A4_Substrate_CarbonMangels,tuned_rf_conformal_rejection_baseline,K100,100,100,135,75,59,0.7866666666666666,0.59,0.5555555555555556,1.0619999999999998,100,0.01,0.5725801421880544,0.7052510044245837,0.6848888888888889
CYP3A4_Substrate_CarbonMangels,tuned_rf_conformal_rejection_baseline,Top20pct,27,27,135,75,20,0.26666666666666666,0.7407407407407407,0.5555555555555556,1.3333333333333333,27,0.037037037037037035,0.504734557624469,0.7052510044245837,0.6848888888888889
CYP3A4_Substrate_CarbonMangels,tuned_rf_ucb_uncertainty_proxy,K50,50,50,135,75,34,0.4533333333333333,0.68,0.5555555555555556,1.224,50,0.02,0.5343653757414676,0.709733774718275,0.6882222222222222
CYP3A4_Substrate_CarbonMangels,tuned_rf_ucb_uncertainty_proxy,K100,100,100,135,75,59,0.7866666666666666,0.59,0.5555555555555556,1.0619999999999998,100,0.01,0.5725801421880544,0.709733774718275,0.6882222222222222
CYP3A4_Substrate_CarbonMangels,tuned_rf_ucb_uncertainty_proxy,Top20pct,27,27,135,75,19,0.25333333333333335,0.7037037037037037,0.5555555555555556,1.2666666666666666,27,0.037037037037037035,0.49733690536290104,0.709733774718275,0.6882222222222222
CYP3A4_Substrate_CarbonMangels,tuned_hgb_activity_only,K50,50,50,135,75,31,0.41333333333333333,0.62,0.5555555555555556,1.1159999999999999,46,0.06,0.5560007647771328,0.6874986034372269,0.648888888888889
CYP3A4_Substrate_CarbonMangels,tuned_hgb_activity_only,K100,100,100,135,75,62,0.8266666666666667,0.62,0.5555555555555556,1.1159999999999999,84,0.04,0.5735745380119606,0.6874986034372269,0.648888888888889
CYP3A4_Substrate_CarbonMangels,tuned_hgb_activity_only,Top20pct,27,27,135,75,18,0.24,0.6666666666666666,0.5555555555555556,1.2,25,0.1111111111111111,0.5299137359395891,0.6874986034372269,0.648888888888889
CYP3A4_Substrate_CarbonMangels,tuned_hgb_scaffold_quota,K50,50,50,135,75,32,0.4266666666666667,0.64,0.5555555555555556,1.152,50,0.02,0.5578166674888668,0.6874986034372269,0.648888888888889
CYP3A4_Substrate_CarbonMangels,tuned_hgb_scaffold_quota,K100,100,100,135,75,60,0.8,0.6,0.5555555555555556,1.0799999999999998,100,0.01,0.5660968439391251,0.6874986034372269,0.648888888888889
CYP3A4_Substrate_CarbonMangels,tuned_hgb_scaffold_quota,Top20pct,27,27,135,75,19,0.25333333333333335,0.7037037037037037,0.5555555555555556,1.2666666666666666,27,0.037037037037037035,0.5286479804792891,0.6874986034372269,0.648888888888889
CYP3A4_Substrate_CarbonMangels,tuned_hgb_ad_distance_guard,K50,50,50,135,75,32,0.4266666666666667,0.64,0.5555555555555556,1.152,50,0.02,0.5494626302217861,0.6741391154636109,0.6435555555555557
CYP3A4_Substrate_CarbonMangels,tuned_hgb_ad_distance_guard,K100,100,100,135,75,60,0.8,0.6,0.5555555555555556,1.0799999999999998,100,0.01,0.566096843939125,0.6741391154636109,0.6435555555555557
CYP3A4_Substrate_CarbonMangels,tuned_hgb_ad_distance_guard,Top20pct,27,27,135,75,19,0.25333333333333335,0.7037037037037037,0.5555555555555556,1.2666666666666666,27,0.037037037037037035,0.5147885888112633,0.6741391154636109,0.6435555555555557
CYP3A4_Substrate_CarbonMangels,tuned_hgb_uncertainty_only_guard,K50,50,50,135,75,32,0.4266666666666667,0.64,0.5555555555555556,1.152,50,0.02,0.5578166674888668,0.6874986034372269,0.648888888888889
CYP3A4_Substrate_CarbonMangels,tuned_hgb_uncertainty_only_guard,K100,100,100,135,75,60,0.8,0.6,0.5555555555555556,1.0799999999999998,100,0.01,0.5660968439391251,0.6874986034372269,0.648888888888889
CYP3A4_Substrate_CarbonMangels,tuned_hgb_uncertainty_only_guard,Top20pct,27,27,135,75,19,0.25333333333333335,0.7037037037037037,0.5555555555555556,1.2666666666666666,27,0.037037037037037035,0.5286479804792891,0.6874986034372269,0.648888888888889
CYP3A4_Substrate_CarbonMangels,tuned_hgb_conformal_rejection_baseline,K50,50,50,135,75,32,0.4266666666666667,0.64,0.5555555555555556,1.152,50,0.02,0.5578166674888668,0.6874986034372269,0.648888888888889
CYP3A4_Substrate_CarbonMangels,tuned_hgb_conformal_rejection_baseline,K100,100,100,135,75,60,0.8,0.6,0.5555555555555556,1.0799999999999998,100,0.01,0.5660968439391251,0.6874986034372269,0.648888888888889
CYP3A4_Substrate_CarbonMangels,tuned_hgb_conformal_rejection_baseline,Top20pct,27,27,135,75,19,0.25333333333333335,0.7037037037037037,0.5555555555555556,1.2666666666666666,27,0.037037037037037035,0.5286479804792891,0.6874986034372269,0.648888888888889
