task_name,method,k_label,k,effective_k,test_rows,positive_denominator,positive_selected,positive_recall_at_k,positive_fraction_at_k,background_positive_fraction,enrichment_at_k,unique_scaffolds_at_k,dominant_scaffold_fraction_at_k,mean_audit_risk_at_k,average_precision
hERG,random_fixed_seed,K50,50,50,132,83,35,0.42168674698795183,0.7,0.6287878787878788,1.1132530120481927,41,0.1,0.5233739881329205,0.723604868549705
hERG,random_fixed_seed,K100,100,100,132,83,68,0.8192771084337349,0.68,0.6287878787878788,1.0814457831325301,65,0.1,0.515760130615817,0.723604868549705
hERG,random_fixed_seed,Top20pct,26,26,132,83,19,0.2289156626506024,0.7307692307692307,0.6287878787878788,1.1621872103799813,25,0.07692307692307693,0.4987450097872675,0.723604868549705
hERG,activity_only,K50,50,50,132,83,44,0.5301204819277109,0.88,0.6287878787878788,1.3995180722891567,34,0.1,0.4099292380400489,0.8974408750266075
hERG,activity_only,K100,100,100,132,83,79,0.9518072289156626,0.79,0.6287878787878788,1.2563855421686747,61,0.12,0.4919168613518742,0.8974408750266075
hERG,activity_only,Top20pct,26,26,132,83,24,0.2891566265060241,0.9230769230769231,0.6287878787878788,1.468025949953661,15,0.15384615384615385,0.3267320244389796,0.8974408750266075
hERG,scaffold_quota,K50,50,50,132,83,41,0.4939759036144578,0.82,0.6287878787878788,1.3040963855421686,50,0.02,0.46431269382305373,0.8974408750266075
hERG,scaffold_quota,K100,100,100,132,83,66,0.7951807228915663,0.66,0.6287878787878788,1.0496385542168676,82,0.05,0.5063281688425072,0.8974408750266075
hERG,scaffold_quota,Top20pct,26,26,132,83,23,0.27710843373493976,0.8846153846153846,0.6287878787878788,1.4068582020389249,26,0.038461538461538464,0.381242908710641,0.8974408750266075
hERG,ad_distance_guard,K50,50,50,132,83,42,0.5060240963855421,0.84,0.6287878787878788,1.3359036144578313,50,0.02,0.4593196924870228,0.8965255415726053
hERG,ad_distance_guard,K100,100,100,132,83,66,0.7951807228915663,0.66,0.6287878787878788,1.0496385542168676,82,0.05,0.5056110306600219,0.8965255415726053
hERG,ad_distance_guard,Top20pct,26,26,132,83,24,0.2891566265060241,0.9230769230769231,0.6287878787878788,1.468025949953661,26,0.038461538461538464,0.364989012366418,0.8965255415726053
hERG,uncertainty_only_guard,K50,50,50,132,83,41,0.4939759036144578,0.82,0.6287878787878788,1.3040963855421686,50,0.02,0.46431269382305373,0.8974408750266075
hERG,uncertainty_only_guard,K100,100,100,132,83,66,0.7951807228915663,0.66,0.6287878787878788,1.0496385542168676,82,0.05,0.5063281688425072,0.8974408750266075
hERG,uncertainty_only_guard,Top20pct,26,26,132,83,23,0.27710843373493976,0.8846153846153846,0.6287878787878788,1.4068582020389249,26,0.038461538461538464,0.381242908710641,0.8974408750266075
hERG,conformal_rejection_baseline,K50,50,50,132,83,41,0.4939759036144578,0.82,0.6287878787878788,1.3040963855421686,50,0.02,0.46431269382305373,0.8974408750266075
hERG,conformal_rejection_baseline,K100,100,100,132,83,66,0.7951807228915663,0.66,0.6287878787878788,1.0496385542168676,82,0.05,0.5063281688425072,0.8974408750266075
hERG,conformal_rejection_baseline,Top20pct,26,26,132,83,23,0.27710843373493976,0.8846153846153846,0.6287878787878788,1.4068582020389249,26,0.038461538461538464,0.381242908710641,0.8974408750266075
hERG,hgb_ecfp_proxy,K50,50,50,132,83,42,0.5060240963855421,0.84,0.6287878787878788,1.3359036144578313,50,0.02,0.45922004770910846,0.8937358810188993
hERG,hgb_ecfp_proxy,K100,100,100,132,83,65,0.7831325301204819,0.65,0.6287878787878788,1.033734939759036,82,0.04,0.5040993518502481,0.8937358810188993
hERG,hgb_ecfp_proxy,Top20pct,26,26,132,83,24,0.2891566265060241,0.9230769230769231,0.6287878787878788,1.468025949953661,26,0.038461538461538464,0.4150515974765255,0.8937358810188993
hERG,mr8c_audit_card_acquisition,K50,50,50,132,83,42,0.5060240963855421,0.84,0.6287878787878788,1.3359036144578313,50,0.02,0.44832202422089495,0.899053856769472
hERG,mr8c_audit_card_acquisition,K100,100,100,132,83,66,0.7951807228915663,0.66,0.6287878787878788,1.0496385542168676,82,0.04,0.5030753138367818,0.899053856769472
hERG,mr8c_audit_card_acquisition,Top20pct,26,26,132,83,24,0.2891566265060241,0.9230769230769231,0.6287878787878788,1.468025949953661,26,0.038461538461538464,0.35908078498672535,0.899053856769472
AMES,random_fixed_seed,K50,50,50,1457,837,29,0.03464755077658303,0.58,0.574468085106383,1.0096296296296294,38,0.08,0.4681501300892673,0.5774195800244277
AMES,random_fixed_seed,K100,100,100,1457,837,54,0.06451612903225806,0.54,0.574468085106383,0.94,70,0.05,0.47358407692097787,0.5774195800244277
AMES,random_fixed_seed,Top20pct,291,291,1457,837,164,0.1959378733572282,0.563573883161512,0.574468085106383,0.981036018836706,161,0.061855670103092786,0.4728484649256786,0.5774195800244277
AMES,activity_only,K50,50,50,1457,837,50,0.05973715651135006,1.0,0.574468085106383,1.7407407407407405,21,0.2,0.19435654340676795,0.8782934618642042
AMES,activity_only,K100,100,100,1457,837,100,0.11947431302270012,1.0,0.574468085106383,1.7407407407407405,37,0.15,0.21797166203713644,0.8782934618642042
AMES,activity_only,Top20pct,291,291,1457,837,273,0.32616487455197135,0.9381443298969072,0.574468085106383,1.633066055746468,101,0.14776632302405499,0.2931072167495594,0.8782934618642042
AMES,scaffold_quota,K50,50,50,1457,837,49,0.05854241338112306,0.98,0.574468085106383,1.7059259259259258,50,0.02,0.22608541754941758,0.8782934618642042
AMES,scaffold_quota,K100,100,100,1457,837,93,0.1111111111111111,0.93,0.574468085106383,1.6188888888888888,100,0.01,0.27554571311533943,0.8782934618642042
AMES,scaffold_quota,Top20pct,291,291,1457,837,209,0.24970131421744324,0.718213058419244,0.574468085106383,1.2502227313223875,291,0.003436426116838488,0.4367615366810069,0.8782934618642042
AMES,ad_distance_guard,K50,50,50,1457,837,48,0.05734767025089606,0.96,0.574468085106383,1.671111111111111,50,0.02,0.20939743328228475,0.87611511048481
AMES,ad_distance_guard,K100,100,100,1457,837,94,0.11230585424133811,0.94,0.574468085106383,1.6362962962962961,100,0.01,0.2639868733038789,0.87611511048481
AMES,ad_distance_guard,Top20pct,291,291,1457,837,208,0.24850657108721624,0.7147766323024055,0.574468085106383,1.2442408043782613,291,0.003436426116838488,0.4319964814935815,0.87611511048481
AMES,uncertainty_only_guard,K50,50,50,1457,837,49,0.05854241338112306,0.98,0.574468085106383,1.7059259259259258,50,0.02,0.22608541754941758,0.8782934618642042
AMES,uncertainty_only_guard,K100,100,100,1457,837,93,0.1111111111111111,0.93,0.574468085106383,1.6188888888888888,100,0.01,0.27554571311533943,0.8782934618642042
AMES,uncertainty_only_guard,Top20pct,291,291,1457,837,209,0.24970131421744324,0.718213058419244,0.574468085106383,1.2502227313223875,291,0.003436426116838488,0.4367615366810069,0.8782934618642042
AMES,conformal_rejection_baseline,K50,50,50,1457,837,49,0.05854241338112306,0.98,0.574468085106383,1.7059259259259258,50,0.02,0.22608541754941758,0.8782934618642042
AMES,conformal_rejection_baseline,K100,100,100,1457,837,93,0.1111111111111111,0.93,0.574468085106383,1.6188888888888888,100,0.01,0.27554571311533943,0.8782934618642042
AMES,conformal_rejection_baseline,Top20pct,291,291,1457,837,209,0.24970131421744324,0.718213058419244,0.574468085106383,1.2502227313223875,291,0.003436426116838488,0.4367615366810069,0.8782934618642042
AMES,hgb_ecfp_proxy,K50,50,50,1457,837,47,0.056152927120669056,0.94,0.574468085106383,1.6362962962962961,50,0.02,0.27610724424524274,0.8501242268413796
AMES,hgb_ecfp_proxy,K100,100,100,1457,837,91,0.1087216248506571,0.91,0.574468085106383,1.584074074074074,100,0.01,0.32796935154166446,0.8501242268413796
AMES,hgb_ecfp_proxy,Top20pct,291,291,1457,837,203,0.24253285543608125,0.697594501718213,0.574468085106383,1.21433116965763,291,0.003436426116838488,0.44426940667066284,0.8501242268413796
AMES,mr8c_audit_card_acquisition,K50,50,50,1457,837,48,0.05734767025089606,0.96,0.574468085106383,1.671111111111111,50,0.02,0.1939293085168808,0.8774157630003965
AMES,mr8c_audit_card_acquisition,K100,100,100,1457,837,94,0.11230585424133811,0.94,0.574468085106383,1.6362962962962961,100,0.01,0.2565483649440787,0.8774157630003965
AMES,mr8c_audit_card_acquisition,Top20pct,291,291,1457,837,207,0.24731182795698925,0.711340206185567,0.574468085106383,1.2382588774341352,291,0.003436426116838488,0.42253726190526225,0.8774157630003965
DILI,random_fixed_seed,K50,50,50,96,63,32,0.5079365079365079,0.64,0.65625,0.9752380952380952,45,0.06,0.5855337684237746,0.6602889091276929
DILI,random_fixed_seed,K100,100,96,96,63,63,1.0,0.65625,0.65625,1.0,85,0.041666666666666664,0.5900950795446084,0.6602889091276929
DILI,random_fixed_seed,Top20pct,19,19,96,63,13,0.20634920634920634,0.6842105263157895,0.65625,1.0426065162907268,18,0.10526315789473684,0.5688857317393605,0.6602889091276929
DILI,activity_only,K50,50,50,96,63,43,0.6825396825396826,0.86,0.65625,1.3104761904761904,45,0.06,0.5664757212578505,0.8862901428489613
DILI,activity_only,K100,100,96,96,63,63,1.0,0.65625,0.65625,1.0,85,0.041666666666666664,0.5900950795446084,0.8862901428489613
DILI,activity_only,Top20pct,19,19,96,63,18,0.2857142857142857,0.9473684210526315,0.65625,1.443609022556391,18,0.10526315789473684,0.4582402410333732,0.8862901428489613
DILI,scaffold_quota,K50,50,50,96,63,41,0.6507936507936508,0.82,0.65625,1.2495238095238095,50,0.02,0.5777624936527137,0.8862901428489613
DILI,scaffold_quota,K100,100,96,96,63,63,1.0,0.65625,0.65625,1.0,85,0.041666666666666664,0.5900950795446084,0.8862901428489613
DILI,scaffold_quota,Top20pct,19,19,96,63,18,0.2857142857142857,0.9473684210526315,0.65625,1.443609022556391,19,0.05263157894736842,0.460789383712449,0.8862901428489613
DILI,ad_distance_guard,K50,50,50,96,63,40,0.6349206349206349,0.8,0.65625,1.2190476190476192,50,0.02,0.5727899436301289,0.8838004497741572
DILI,ad_distance_guard,K100,100,96,96,63,63,1.0,0.65625,0.65625,1.0,85,0.041666666666666664,0.5900950795446084,0.8838004497741572
DILI,ad_distance_guard,Top20pct,19,19,96,63,18,0.2857142857142857,0.9473684210526315,0.65625,1.443609022556391,19,0.05263157894736842,0.45770111252026,0.8838004497741572
DILI,uncertainty_only_guard,K50,50,50,96,63,41,0.6507936507936508,0.82,0.65625,1.2495238095238095,50,0.02,0.5777624936527137,0.8862901428489613
DILI,uncertainty_only_guard,K100,100,96,96,63,63,1.0,0.65625,0.65625,1.0,85,0.041666666666666664,0.5900950795446084,0.8862901428489613
DILI,uncertainty_only_guard,Top20pct,19,19,96,63,18,0.2857142857142857,0.9473684210526315,0.65625,1.443609022556391,19,0.05263157894736842,0.460789383712449,0.8862901428489613
DILI,conformal_rejection_baseline,K50,50,50,96,63,41,0.6507936507936508,0.82,0.65625,1.2495238095238095,50,0.02,0.5777624936527137,0.8862901428489613
DILI,conformal_rejection_baseline,K100,100,96,96,63,63,1.0,0.65625,0.65625,1.0,85,0.041666666666666664,0.5900950795446084,0.8862901428489613
DILI,conformal_rejection_baseline,Top20pct,19,19,96,63,18,0.2857142857142857,0.9473684210526315,0.65625,1.443609022556391,19,0.05263157894736842,0.460789383712449,0.8862901428489613
DILI,hgb_ecfp_proxy,K50,50,50,96,63,38,0.6031746031746031,0.76,0.65625,1.158095238095238,50,0.02,0.5828358310705826,0.853982241405318
DILI,hgb_ecfp_proxy,K100,100,96,96,63,63,1.0,0.65625,0.65625,1.0,85,0.041666666666666664,0.5900950795446084,0.853982241405318
DILI,hgb_ecfp_proxy,Top20pct,19,19,96,63,18,0.2857142857142857,0.9473684210526315,0.65625,1.443609022556391,19,0.05263157894736842,0.4956513703969557,0.853982241405318
DILI,mr8c_audit_card_acquisition,K50,50,50,96,63,40,0.6349206349206349,0.8,0.65625,1.2190476190476192,50,0.02,0.557623381713177,0.8763001949079536
DILI,mr8c_audit_card_acquisition,K100,100,96,96,63,63,1.0,0.65625,0.65625,1.0,85,0.041666666666666664,0.5900950795446084,0.8763001949079536
DILI,mr8c_audit_card_acquisition,Top20pct,19,19,96,63,18,0.2857142857142857,0.9473684210526315,0.65625,1.443609022556391,19,0.05263157894736842,0.4537234670586416,0.8763001949079536
hERG_Karim,random_fixed_seed,K50,50,50,2690,1308,18,0.013761467889908258,0.36,0.4862453531598513,0.7403669724770642,47,0.06,0.3871675280776596,0.47325232956715924
hERG_Karim,random_fixed_seed,K100,100,100,2690,1308,43,0.03287461773700306,0.43,0.4862453531598513,0.8843272171253823,91,0.03,0.3836155863912121,0.47325232956715924
hERG_Karim,random_fixed_seed,Top20pct,538,538,2690,1308,253,0.19342507645259938,0.47026022304832715,0.4862453531598513,0.967125382262997,399,0.022304832713754646,0.4103171634878931,0.47325232956715924
hERG_Karim,activity_only,K50,50,50,2690,1308,49,0.03746177370030581,0.98,0.4862453531598513,2.0154434250764526,27,0.12,0.12485642350145834,0.850990594950612
hERG_Karim,activity_only,K100,100,100,2690,1308,97,0.07415902140672782,0.97,0.4862453531598513,1.9948776758409785,50,0.13,0.14073475176123104,0.850990594950612
hERG_Karim,activity_only,Top20pct,538,538,2690,1308,498,0.38073394495412843,0.9256505576208178,0.4862453531598513,1.9036697247706422,244,0.04460966542750929,0.28547681466023456,0.850990594950612
hERG_Karim,scaffold_quota,K50,50,50,2690,1308,49,0.03746177370030581,0.98,0.4862453531598513,2.0154434250764526,50,0.02,0.1411032170181505,0.850990594950612
hERG_Karim,scaffold_quota,K100,100,100,2690,1308,99,0.07568807339449542,0.99,0.4862453531598513,2.0360091743119266,100,0.01,0.1917860530931031,0.850990594950612
hERG_Karim,scaffold_quota,Top20pct,538,538,2690,1308,431,0.32951070336391436,0.8011152416356877,0.4862453531598513,1.6475535168195719,538,0.0018587360594795538,0.3844766874398914,0.850990594950612
hERG_Karim,ad_distance_guard,K50,50,50,2690,1308,49,0.03746177370030581,0.98,0.4862453531598513,2.0154434250764526,50,0.02,0.12281846980924929,0.8482637028029825
hERG_Karim,ad_distance_guard,K100,100,100,2690,1308,98,0.07492354740061162,0.98,0.4862453531598513,2.0154434250764526,100,0.01,0.18113190732251025,0.8482637028029825
hERG_Karim,ad_distance_guard,Top20pct,538,538,2690,1308,428,0.327217125382263,0.7955390334572491,0.4862453531598513,1.636085626911315,538,0.0018587360594795538,0.3759958948625746,0.8482637028029825
hERG_Karim,uncertainty_only_guard,K50,50,50,2690,1308,49,0.03746177370030581,0.98,0.4862453531598513,2.0154434250764526,50,0.02,0.1411032170181505,0.850990594950612
hERG_Karim,uncertainty_only_guard,K100,100,100,2690,1308,99,0.07568807339449542,0.99,0.4862453531598513,2.0360091743119266,100,0.01,0.1917860530931031,0.850990594950612
hERG_Karim,uncertainty_only_guard,Top20pct,538,538,2690,1308,431,0.32951070336391436,0.8011152416356877,0.4862453531598513,1.6475535168195719,538,0.0018587360594795538,0.3844766874398914,0.850990594950612
hERG_Karim,conformal_rejection_baseline,K50,50,50,2690,1308,49,0.03746177370030581,0.98,0.4862453531598513,2.0154434250764526,50,0.02,0.1411032170181505,0.850990594950612
hERG_Karim,conformal_rejection_baseline,K100,100,100,2690,1308,99,0.07568807339449542,0.99,0.4862453531598513,2.0360091743119266,100,0.01,0.1917860530931031,0.850990594950612
hERG_Karim,conformal_rejection_baseline,Top20pct,538,538,2690,1308,431,0.32951070336391436,0.8011152416356877,0.4862453531598513,1.6475535168195719,538,0.0018587360594795538,0.3844766874398914,0.850990594950612
hERG_Karim,hgb_ecfp_proxy,K50,50,50,2690,1308,49,0.03746177370030581,0.98,0.4862453531598513,2.0154434250764526,50,0.02,0.16402930408087854,0.8137628185903818
hERG_Karim,hgb_ecfp_proxy,K100,100,100,2690,1308,94,0.07186544342507645,0.94,0.4862453531598513,1.9331804281345566,100,0.01,0.2553276441656569,0.8137628185903818
hERG_Karim,hgb_ecfp_proxy,Top20pct,538,538,2690,1308,392,0.2996941896024465,0.7286245353159851,0.4862453531598513,1.4984709480122325,538,0.0018587360594795538,0.40283848428495705,0.8137628185903818
hERG_Karim,mr8c_audit_card_acquisition,K50,50,50,2690,1308,49,0.03746177370030581,0.98,0.4862453531598513,2.0154434250764526,50,0.02,0.11564695790453694,0.8481219656783472
hERG_Karim,mr8c_audit_card_acquisition,K100,100,100,2690,1308,99,0.07568807339449542,0.99,0.4862453531598513,2.0360091743119266,100,0.01,0.1636536891836735,0.8481219656783472
hERG_Karim,mr8c_audit_card_acquisition,Top20pct,538,538,2690,1308,423,0.32339449541284404,0.7862453531598513,0.4862453531598513,1.6169724770642202,538,0.0018587360594795538,0.36864171345833574,0.8481219656783472
ClinTox,random_fixed_seed,K50,50,50,297,32,6,0.1875,0.12,0.10774410774410774,1.11375,47,0.04,0.41242299437491325,0.13738676671795996
ClinTox,random_fixed_seed,K100,100,100,297,32,13,0.40625,0.13,0.10774410774410774,1.2065625000000002,88,0.03,0.41689468383815087,0.13738676671795996
ClinTox,random_fixed_seed,Top20pct,59,59,297,32,8,0.25,0.13559322033898305,0.10774410774410774,1.2584745762711864,53,0.03389830508474576,0.41185656486845107,0.13738676671795996
ClinTox,activity_only,K50,50,50,297,32,18,0.5625,0.36,0.10774410774410774,3.34125,36,0.18,0.5005882404786132,0.3607521390929939
ClinTox,activity_only,K100,100,100,297,32,24,0.75,0.24,0.10774410774410774,2.2275,77,0.09,0.4845328231050269,0.3607521390929939
ClinTox,activity_only,Top20pct,59,59,297,32,18,0.5625,0.3050847457627119,0.10774410774410774,2.83156779661017,43,0.15254237288135594,0.4983844003492442,0.3607521390929939
ClinTox,scaffold_quota,K50,50,50,297,32,16,0.5,0.32,0.10774410774410774,2.97,50,0.02,0.5159653173425798,0.3607521390929939
ClinTox,scaffold_quota,K100,100,100,297,32,21,0.65625,0.21,0.10774410774410774,1.9490625,100,0.01,0.4731116825844005,0.3607521390929939
ClinTox,scaffold_quota,Top20pct,59,59,297,32,18,0.5625,0.3050847457627119,0.10774410774410774,2.83156779661017,59,0.01694915254237288,0.5069275238445821,0.3607521390929939
ClinTox,ad_distance_guard,K50,50,50,297,32,18,0.5625,0.36,0.10774410774410774,3.34125,50,0.02,0.5071132725003609,0.3489898370177794
ClinTox,ad_distance_guard,K100,100,100,297,32,22,0.6875,0.22,0.10774410774410774,2.041875,100,0.01,0.46891262077664064,0.3489898370177794
ClinTox,ad_distance_guard,Top20pct,59,59,297,32,18,0.5625,0.3050847457627119,0.10774410774410774,2.83156779661017,59,0.01694915254237288,0.5020566002405293,0.3489898370177794
ClinTox,uncertainty_only_guard,K50,50,50,297,32,16,0.5,0.32,0.10774410774410774,2.97,50,0.02,0.5159653173425798,0.3607521390929939
ClinTox,uncertainty_only_guard,K100,100,100,297,32,21,0.65625,0.21,0.10774410774410774,1.9490625,100,0.01,0.4731116825844005,0.3607521390929939
ClinTox,uncertainty_only_guard,Top20pct,59,59,297,32,18,0.5625,0.3050847457627119,0.10774410774410774,2.83156779661017,59,0.01694915254237288,0.5069275238445821,0.3607521390929939
ClinTox,conformal_rejection_baseline,K50,50,50,297,32,4,0.125,0.08,0.10774410774410774,0.7425,50,0.02,0.32744605996185094,0.12101300762911398
ClinTox,conformal_rejection_baseline,K100,100,100,297,32,7,0.21875,0.07,0.10774410774410774,0.6496875000000001,100,0.01,0.3597291579237812,0.12101300762911398
ClinTox,conformal_rejection_baseline,Top20pct,59,59,297,32,4,0.125,0.06779661016949153,0.10774410774410774,0.6292372881355932,59,0.01694915254237288,0.3416541090675878,0.12101300762911398
ClinTox,hgb_ecfp_proxy,K50,50,50,297,32,16,0.5,0.32,0.10774410774410774,2.97,50,0.02,0.49418601614508134,0.40815394319789894
ClinTox,hgb_ecfp_proxy,K100,100,100,297,32,19,0.59375,0.19,0.10774410774410774,1.7634375,100,0.01,0.4609756837849367,0.40815394319789894
ClinTox,hgb_ecfp_proxy,Top20pct,59,59,297,32,17,0.53125,0.288135593220339,0.10774410774410774,2.674258474576271,59,0.01694915254237288,0.491831915045661,0.40815394319789894
ClinTox,mr8c_audit_card_acquisition,K50,50,50,297,32,17,0.53125,0.34,0.10774410774410774,3.1556250000000006,50,0.02,0.42396894041523886,0.33092448884553505
ClinTox,mr8c_audit_card_acquisition,K100,100,100,297,32,19,0.59375,0.19,0.10774410774410774,1.7634375,100,0.01,0.39540150420029946,0.33092448884553505
ClinTox,mr8c_audit_card_acquisition,Top20pct,59,59,297,32,18,0.5625,0.3050847457627119,0.10774410774410774,2.83156779661017,59,0.01694915254237288,0.4128281158038115,0.33092448884553505
Skin Reaction,random_fixed_seed,K50,50,50,82,50,30,0.6,0.6,0.6097560975609756,0.984,42,0.08,0.5924061707211401,0.5795221670459679
Skin Reaction,random_fixed_seed,K100,100,82,82,50,50,1.0,0.6097560975609756,0.6097560975609756,1.0,61,0.07317073170731707,0.5785971997910985,0.5795221670459679
Skin Reaction,random_fixed_seed,Top20pct,16,16,82,50,7,0.14,0.4375,0.6097560975609756,0.7175,16,0.0625,0.6075630062485664,0.5795221670459679
Skin Reaction,activity_only,K50,50,50,82,50,37,0.74,0.74,0.6097560975609756,1.2136,36,0.12,0.5399394688996676,0.7815460935106823
Skin Reaction,activity_only,K100,100,82,82,50,50,1.0,0.6097560975609756,0.6097560975609756,1.0,61,0.07317073170731707,0.5785971997910986,0.7815460935106823
Skin Reaction,activity_only,Top20pct,16,16,82,50,13,0.26,0.8125,0.6097560975609756,1.3325,10,0.3125,0.4953493884579639,0.7815460935106823
Skin Reaction,scaffold_quota,K50,50,50,82,50,31,0.62,0.62,0.6097560975609756,1.0168,50,0.02,0.5889399333291983,0.7815460935106823
Skin Reaction,scaffold_quota,K100,100,82,82,50,50,1.0,0.6097560975609756,0.6097560975609756,1.0,61,0.07317073170731707,0.5785971997910985,0.7815460935106823
Skin Reaction,scaffold_quota,Top20pct,16,16,82,50,12,0.24,0.75,0.6097560975609756,1.23,16,0.0625,0.49060323569749686,0.7815460935106823
Skin Reaction,ad_distance_guard,K50,50,50,82,50,31,0.62,0.62,0.6097560975609756,1.0168,50,0.02,0.5871984127477866,0.7701322934324015
Skin Reaction,ad_distance_guard,K100,100,82,82,50,50,1.0,0.6097560975609756,0.6097560975609756,1.0,61,0.07317073170731707,0.5785971997910985,0.7701322934324015
Skin Reaction,ad_distance_guard,Top20pct,16,16,82,50,12,0.24,0.75,0.6097560975609756,1.23,16,0.0625,0.47246479295805754,0.7701322934324015
Skin Reaction,uncertainty_only_guard,K50,50,50,82,50,31,0.62,0.62,0.6097560975609756,1.0168,50,0.02,0.5889399333291983,0.7815460935106823
Skin Reaction,uncertainty_only_guard,K100,100,82,82,50,50,1.0,0.6097560975609756,0.6097560975609756,1.0,61,0.07317073170731707,0.5785971997910985,0.7815460935106823
Skin Reaction,uncertainty_only_guard,Top20pct,16,16,82,50,12,0.24,0.75,0.6097560975609756,1.23,16,0.0625,0.49060323569749686,0.7815460935106823
Skin Reaction,conformal_rejection_baseline,K50,50,50,82,50,31,0.62,0.62,0.6097560975609756,1.0168,50,0.02,0.5889399333291983,0.7815460935106823
Skin Reaction,conformal_rejection_baseline,K100,100,82,82,50,50,1.0,0.6097560975609756,0.6097560975609756,1.0,61,0.07317073170731707,0.5785971997910985,0.7815460935106823
Skin Reaction,conformal_rejection_baseline,Top20pct,16,16,82,50,12,0.24,0.75,0.6097560975609756,1.23,16,0.0625,0.49060323569749686,0.7815460935106823
Skin Reaction,hgb_ecfp_proxy,K50,50,50,82,50,29,0.58,0.58,0.6097560975609756,0.9511999999999999,50,0.02,0.5782531058194564,0.7096957132231885
Skin Reaction,hgb_ecfp_proxy,K100,100,82,82,50,50,1.0,0.6097560975609756,0.6097560975609756,1.0,61,0.07317073170731707,0.5785971997910985,0.7096957132231885
Skin Reaction,hgb_ecfp_proxy,Top20pct,16,16,82,50,10,0.2,0.625,0.6097560975609756,1.0250000000000001,16,0.0625,0.5250911748132963,0.7096957132231885
Skin Reaction,mr8c_audit_card_acquisition,K50,50,50,82,50,33,0.66,0.66,0.6097560975609756,1.0824,50,0.02,0.5585712003582856,0.7904324388611168
Skin Reaction,mr8c_audit_card_acquisition,K100,100,82,82,50,50,1.0,0.6097560975609756,0.6097560975609756,1.0,61,0.07317073170731707,0.5785971997910986,0.7904324388611168
Skin Reaction,mr8c_audit_card_acquisition,Top20pct,16,16,82,50,12,0.24,0.75,0.6097560975609756,1.23,16,0.0625,0.47510624220581027,0.7904324388611168
Carcinogens_Lagunin,random_fixed_seed,K50,50,50,56,9,9,1.0,0.18,0.16071428571428573,1.1199999999999999,38,0.08,0.4839818031212868,0.3683136174078203
Carcinogens_Lagunin,random_fixed_seed,K100,100,56,56,9,9,1.0,0.16071428571428573,0.16071428571428573,1.0,43,0.07142857142857142,0.4962436051171472,0.3683136174078203
Carcinogens_Lagunin,random_fixed_seed,Top20pct,11,11,56,9,3,0.3333333333333333,0.2727272727272727,0.16071428571428573,1.6969696969696968,11,0.09090909090909091,0.4698633614254836,0.3683136174078203
Carcinogens_Lagunin,activity_only,K50,50,50,56,9,9,1.0,0.18,0.16071428571428573,1.1199999999999999,38,0.08,0.5167428681479657,0.7623234239932533
Carcinogens_Lagunin,activity_only,K100,100,56,56,9,9,1.0,0.16071428571428573,0.16071428571428573,1.0,43,0.07142857142857142,0.49624360511714727,0.7623234239932533
Carcinogens_Lagunin,activity_only,Top20pct,11,11,56,9,6,0.6666666666666666,0.5454545454545454,0.16071428571428573,3.3939393939393936,7,0.36363636363636365,0.5436359628371075,0.7623234239932533
Carcinogens_Lagunin,scaffold_quota,K50,50,50,56,9,9,1.0,0.18,0.16071428571428573,1.1199999999999999,43,0.08,0.4997007640697384,0.7623234239932533
Carcinogens_Lagunin,scaffold_quota,K100,100,56,56,9,9,1.0,0.16071428571428573,0.16071428571428573,1.0,43,0.07142857142857142,0.4962436051171472,0.7623234239932533
Carcinogens_Lagunin,scaffold_quota,Top20pct,11,11,56,9,4,0.4444444444444444,0.36363636363636365,0.16071428571428573,2.2626262626262625,11,0.09090909090909091,0.5947206624500322,0.7623234239932533
Carcinogens_Lagunin,ad_distance_guard,K50,50,50,56,9,9,1.0,0.18,0.16071428571428573,1.1199999999999999,43,0.08,0.4997007640697384,0.7562628179326472
Carcinogens_Lagunin,ad_distance_guard,K100,100,56,56,9,9,1.0,0.16071428571428573,0.16071428571428573,1.0,43,0.07142857142857142,0.4962436051171472,0.7562628179326472
Carcinogens_Lagunin,ad_distance_guard,Top20pct,11,11,56,9,4,0.4444444444444444,0.36363636363636365,0.16071428571428573,2.2626262626262625,11,0.09090909090909091,0.5947206624500322,0.7562628179326472
Carcinogens_Lagunin,uncertainty_only_guard,K50,50,50,56,9,9,1.0,0.18,0.16071428571428573,1.1199999999999999,43,0.08,0.4997007640697384,0.7623234239932533
Carcinogens_Lagunin,uncertainty_only_guard,K100,100,56,56,9,9,1.0,0.16071428571428573,0.16071428571428573,1.0,43,0.07142857142857142,0.4962436051171472,0.7623234239932533
Carcinogens_Lagunin,uncertainty_only_guard,Top20pct,11,11,56,9,4,0.4444444444444444,0.36363636363636365,0.16071428571428573,2.2626262626262625,11,0.09090909090909091,0.5947206624500322,0.7623234239932533
Carcinogens_Lagunin,conformal_rejection_baseline,K50,50,50,56,9,9,1.0,0.18,0.16071428571428573,1.1199999999999999,43,0.08,0.4997007640697384,0.7623234239932533
Carcinogens_Lagunin,conformal_rejection_baseline,K100,100,56,56,9,9,1.0,0.16071428571428573,0.16071428571428573,1.0,43,0.07142857142857142,0.4962436051171472,0.7623234239932533
Carcinogens_Lagunin,conformal_rejection_baseline,Top20pct,11,11,56,9,4,0.4444444444444444,0.36363636363636365,0.16071428571428573,2.2626262626262625,11,0.09090909090909091,0.5947206624500322,0.7623234239932533
Carcinogens_Lagunin,hgb_ecfp_proxy,K50,50,50,56,9,9,1.0,0.18,0.16071428571428573,1.1199999999999999,43,0.08,0.5007262351060482,0.7893836322407752
Carcinogens_Lagunin,hgb_ecfp_proxy,K100,100,56,56,9,9,1.0,0.16071428571428573,0.16071428571428573,1.0,43,0.07142857142857142,0.4962436051171472,0.7893836322407752
Carcinogens_Lagunin,hgb_ecfp_proxy,Top20pct,11,11,56,9,3,0.3333333333333333,0.2727272727272727,0.16071428571428573,1.6969696969696968,11,0.09090909090909091,0.5774948247631462,0.7893836322407752
Carcinogens_Lagunin,mr8c_audit_card_acquisition,K50,50,50,56,9,9,1.0,0.18,0.16071428571428573,1.1199999999999999,43,0.08,0.49970076406973846,0.7689393939393939
Carcinogens_Lagunin,mr8c_audit_card_acquisition,K100,100,56,56,9,9,1.0,0.16071428571428573,0.16071428571428573,1.0,43,0.07142857142857142,0.49624360511714727,0.7689393939393939
Carcinogens_Lagunin,mr8c_audit_card_acquisition,Top20pct,11,11,56,9,5,0.5555555555555556,0.45454545454545453,0.16071428571428573,2.828282828282828,11,0.09090909090909091,0.5708312730382771,0.7689393939393939
CYP2C19_Veith,random_fixed_seed,K50,50,50,2534,1078,23,0.021335807050092765,0.46,0.425414364640884,1.0812987012987012,49,0.04,0.4710417451142734,0.4343859760058786
CYP2C19_Veith,random_fixed_seed,K100,100,100,2534,1078,42,0.03896103896103896,0.42,0.425414364640884,0.9872727272727272,98,0.02,0.4787732621672392,0.4343859760058786
CYP2C19_Veith,random_fixed_seed,Top20pct,507,507,2534,1078,222,0.20593692022263452,0.4378698224852071,0.425414364640884,1.0292784138937985,426,0.015779092702169626,0.46569700197773506,0.4343859760058786
CYP2C19_Veith,activity_only,K50,50,50,2534,1078,47,0.04359925788497217,0.94,0.425414364640884,2.2096103896103894,23,0.28,0.24420275720825427,0.8303139535042972
CYP2C19_Veith,activity_only,K100,100,100,2534,1078,96,0.08905380333951762,0.96,0.425414364640884,2.2566233766233763,48,0.2,0.28011216967685315,0.8303139535042972
CYP2C19_Veith,activity_only,Top20pct,507,507,2534,1078,441,0.4090909090909091,0.8698224852071006,0.425414364640884,2.0446476600322754,352,0.05719921104536489,0.3943912641552505,0.8303139535042972
CYP2C19_Veith,scaffold_quota,K50,50,50,2534,1078,49,0.045454545454545456,0.98,0.425414364640884,2.3036363636363633,50,0.02,0.3015654050100256,0.8303139535042972
CYP2C19_Veith,scaffold_quota,K100,100,100,2534,1078,89,0.08256029684601113,0.89,0.425414364640884,2.092077922077922,100,0.01,0.3386202503636342,0.8303139535042972
CYP2C19_Veith,scaffold_quota,Top20pct,507,507,2534,1078,419,0.38868274582560297,0.8264299802761341,0.425414364640884,1.9426470964932503,507,0.0019723865877712033,0.43627028975884624,0.8303139535042972
CYP2C19_Veith,ad_distance_guard,K50,50,50,2534,1078,49,0.045454545454545456,0.98,0.425414364640884,2.3036363636363633,50,0.02,0.28160517540385555,0.8275963411349881
CYP2C19_Veith,ad_distance_guard,K100,100,100,2534,1078,91,0.08441558441558442,0.91,0.425414364640884,2.139090909090909,100,0.01,0.32034388856554713,0.8275963411349881
CYP2C19_Veith,ad_distance_guard,Top20pct,507,507,2534,1078,409,0.37940630797773656,0.8067061143984221,0.425414364640884,1.8962832039755115,507,0.0019723865877712033,0.4288144044367825,0.8275963411349881
CYP2C19_Veith,uncertainty_only_guard,K50,50,50,2534,1078,49,0.045454545454545456,0.98,0.425414364640884,2.3036363636363633,50,0.02,0.3015654050100256,0.8303139535042972
CYP2C19_Veith,uncertainty_only_guard,K100,100,100,2534,1078,89,0.08256029684601113,0.89,0.425414364640884,2.092077922077922,100,0.01,0.3386202503636342,0.8303139535042972
CYP2C19_Veith,uncertainty_only_guard,Top20pct,507,507,2534,1078,419,0.38868274582560297,0.8264299802761341,0.425414364640884,1.9426470964932503,507,0.0019723865877712033,0.43627028975884624,0.8303139535042972
CYP2C19_Veith,conformal_rejection_baseline,K50,50,50,2534,1078,49,0.045454545454545456,0.98,0.425414364640884,2.3036363636363633,50,0.02,0.3015654050100256,0.8303139535042972
CYP2C19_Veith,conformal_rejection_baseline,K100,100,100,2534,1078,89,0.08256029684601113,0.89,0.425414364640884,2.092077922077922,100,0.01,0.3386202503636342,0.8303139535042972
CYP2C19_Veith,conformal_rejection_baseline,Top20pct,507,507,2534,1078,419,0.38868274582560297,0.8264299802761341,0.425414364640884,1.9426470964932503,507,0.0019723865877712033,0.43627028975884624,0.8303139535042972
CYP2C19_Veith,hgb_ecfp_proxy,K50,50,50,2534,1078,46,0.04267161410018553,0.92,0.425414364640884,2.1625974025974024,50,0.02,0.3649547092829109,0.8167308096900955
CYP2C19_Veith,hgb_ecfp_proxy,K100,100,100,2534,1078,91,0.08441558441558442,0.91,0.425414364640884,2.139090909090909,100,0.01,0.38146721382984766,0.8167308096900955
CYP2C19_Veith,hgb_ecfp_proxy,Top20pct,507,507,2534,1078,411,0.3812615955473098,0.8106508875739645,0.425414364640884,1.9055559824790593,507,0.0019723865877712033,0.4542169702347155,0.8167308096900955
CYP2C19_Veith,mr8c_audit_card_acquisition,K50,50,50,2534,1078,49,0.045454545454545456,0.98,0.425414364640884,2.3036363636363633,50,0.02,0.26780592088817234,0.8259987827949993
CYP2C19_Veith,mr8c_audit_card_acquisition,K100,100,100,2534,1078,89,0.08256029684601113,0.89,0.425414364640884,2.092077922077922,100,0.01,0.3148875569354966,0.8259987827949993
CYP2C19_Veith,mr8c_audit_card_acquisition,Top20pct,507,507,2534,1078,412,0.3821892393320965,0.8126232741617357,0.425414364640884,1.9101923717308333,507,0.0019723865877712033,0.4247697741840227,0.8259987827949993
CYP1A2_Veith,random_fixed_seed,K50,50,50,2517,1140,21,0.018421052631578946,0.42,0.45292014302741357,0.9273157894736842,49,0.04,0.44816672729700996,0.47107582674623405
CYP1A2_Veith,random_fixed_seed,K100,100,100,2517,1140,49,0.04298245614035088,0.49,0.45292014302741357,1.0818684210526317,94,0.03,0.4450788955907101,0.47107582674623405
CYP1A2_Veith,random_fixed_seed,Top20pct,503,503,2517,1140,245,0.2149122807017544,0.4870775347912525,0.45292014302741357,1.0754159254996338,425,0.011928429423459244,0.43657564440421415,0.47107582674623405
CYP1A2_Veith,activity_only,K50,50,50,2517,1140,50,0.043859649122807015,1.0,0.45292014302741357,2.2078947368421056,17,0.22,0.11911710111283372,0.8909346822408553
CYP1A2_Veith,activity_only,K100,100,100,2517,1140,99,0.0868421052631579,0.99,0.45292014302741357,2.1858157894736845,32,0.17,0.13584221219203807,0.8909346822408553
CYP1A2_Veith,activity_only,Top20pct,503,503,2517,1140,477,0.41842105263157897,0.94831013916501,0.45292014302741357,2.0937689651564297,235,0.07157057654075547,0.28742736083120013,0.8909346822408553
CYP1A2_Veith,scaffold_quota,K50,50,50,2517,1140,50,0.043859649122807015,1.0,0.45292014302741357,2.2078947368421056,50,0.02,0.14028410773204553,0.8909346822408553
CYP1A2_Veith,scaffold_quota,K100,100,100,2517,1140,95,0.08333333333333333,0.95,0.45292014302741357,2.0975,100,0.01,0.24611265350025976,0.8909346822408553
CYP1A2_Veith,scaffold_quota,Top20pct,503,503,2517,1140,417,0.36578947368421055,0.8290258449304175,0.45292014302741357,1.8304017997279483,503,0.0019880715705765406,0.43291611214031317,0.8909346822408553
CYP1A2_Veith,ad_distance_guard,K50,50,50,2517,1140,50,0.043859649122807015,1.0,0.45292014302741357,2.2078947368421056,50,0.02,0.13399361940981788,0.886829982541745
CYP1A2_Veith,ad_distance_guard,K100,100,100,2517,1140,94,0.0824561403508772,0.94,0.45292014302741357,2.075421052631579,100,0.01,0.2286198392907022,0.886829982541745
CYP1A2_Veith,ad_distance_guard,Top20pct,503,503,2517,1140,416,0.3649122807017544,0.827037773359841,0.45292014302741357,1.826012346970807,503,0.0019880715705765406,0.42796264453965505,0.886829982541745
CYP1A2_Veith,uncertainty_only_guard,K50,50,50,2517,1140,50,0.043859649122807015,1.0,0.45292014302741357,2.2078947368421056,50,0.02,0.14028410773204553,0.8909346822408553
CYP1A2_Veith,uncertainty_only_guard,K100,100,100,2517,1140,95,0.08333333333333333,0.95,0.45292014302741357,2.0975,100,0.01,0.24611265350025976,0.8909346822408553
CYP1A2_Veith,uncertainty_only_guard,Top20pct,503,503,2517,1140,417,0.36578947368421055,0.8290258449304175,0.45292014302741357,1.8304017997279483,503,0.0019880715705765406,0.43291611214031317,0.8909346822408553
CYP1A2_Veith,conformal_rejection_baseline,K50,50,50,2517,1140,50,0.043859649122807015,1.0,0.45292014302741357,2.2078947368421056,50,0.02,0.14028410773204553,0.8909346822408553
CYP1A2_Veith,conformal_rejection_baseline,K100,100,100,2517,1140,95,0.08333333333333333,0.95,0.45292014302741357,2.0975,100,0.01,0.24611265350025976,0.8909346822408553
CYP1A2_Veith,conformal_rejection_baseline,Top20pct,503,503,2517,1140,417,0.36578947368421055,0.8290258449304175,0.45292014302741357,1.8304017997279483,503,0.0019880715705765406,0.43291611214031317,0.8909346822408553
CYP1A2_Veith,hgb_ecfp_proxy,K50,50,50,2517,1140,50,0.043859649122807015,1.0,0.45292014302741357,2.2078947368421056,50,0.02,0.20342124308113083,0.8811603213012659
CYP1A2_Veith,hgb_ecfp_proxy,K100,100,100,2517,1140,99,0.0868421052631579,0.99,0.45292014302741357,2.1858157894736845,100,0.01,0.2784115947000472,0.8811603213012659
CYP1A2_Veith,hgb_ecfp_proxy,Top20pct,503,503,2517,1140,411,0.3605263157894737,0.8170974155069582,0.45292014302741357,1.8040650831851,503,0.0019880715705765406,0.44887381459274556,0.8811603213012659
CYP1A2_Veith,mr8c_audit_card_acquisition,K50,50,50,2517,1140,50,0.043859649122807015,1.0,0.45292014302741357,2.2078947368421056,50,0.02,0.13574360517055703,0.8887415868620969
CYP1A2_Veith,mr8c_audit_card_acquisition,K100,100,100,2517,1140,95,0.08333333333333333,0.95,0.45292014302741357,2.0975,100,0.01,0.22341009916395801,0.8887415868620969
CYP1A2_Veith,mr8c_audit_card_acquisition,Top20pct,503,503,2517,1140,419,0.3675438596491228,0.8330019880715706,0.45292014302741357,1.8391807052422309,503,0.0019880715705765406,0.42434990483665375,0.8887415868620969
Bioavailability_Ma,random_fixed_seed,K50,50,50,128,102,40,0.39215686274509803,0.8,0.796875,1.003921568627451,43,0.08,0.497146539633994,0.8142915134635811
Bioavailability_Ma,random_fixed_seed,K100,100,100,128,102,81,0.7941176470588235,0.81,0.796875,1.0164705882352942,80,0.04,0.49611796043333,0.8142915134635811
Bioavailability_Ma,random_fixed_seed,Top20pct,26,26,128,102,21,0.20588235294117646,0.8076923076923077,0.796875,1.0135746606334841,23,0.11538461538461539,0.5043630821711843,0.8142915134635811
Bioavailability_Ma,activity_only,K50,50,50,128,102,45,0.4411764705882353,0.9,0.796875,1.1294117647058823,42,0.06,0.4531828939119154,0.889455751077556
Bioavailability_Ma,activity_only,K100,100,100,128,102,86,0.8431372549019608,0.86,0.796875,1.0792156862745097,83,0.04,0.48951547028811165,0.889455751077556
Bioavailability_Ma,activity_only,Top20pct,26,26,128,102,23,0.22549019607843138,0.8846153846153846,0.796875,1.110105580693816,23,0.07692307692307693,0.4076429658997809,0.889455751077556
Bioavailability_Ma,scaffold_quota,K50,50,50,128,102,43,0.4215686274509804,0.86,0.796875,1.0792156862745097,50,0.02,0.4512893281546739,0.889455751077556
Bioavailability_Ma,scaffold_quota,K100,100,100,128,102,79,0.7745098039215687,0.79,0.796875,0.9913725490196079,100,0.01,0.496661413199975,0.889455751077556
Bioavailability_Ma,scaffold_quota,Top20pct,26,26,128,102,23,0.22549019607843138,0.8846153846153846,0.796875,1.110105580693816,26,0.038461538461538464,0.4191348213440642,0.889455751077556
Bioavailability_Ma,ad_distance_guard,K50,50,50,128,102,42,0.4117647058823529,0.84,0.796875,1.0541176470588234,50,0.02,0.43456840439144406,0.8914687902446803
Bioavailability_Ma,ad_distance_guard,K100,100,100,128,102,80,0.7843137254901961,0.8,0.796875,1.003921568627451,100,0.01,0.4948288837357571,0.8914687902446803
Bioavailability_Ma,ad_distance_guard,Top20pct,26,26,128,102,23,0.22549019607843138,0.8846153846153846,0.796875,1.110105580693816,26,0.038461538461538464,0.3974051048253044,0.8914687902446803
Bioavailability_Ma,uncertainty_only_guard,K50,50,50,128,102,43,0.4215686274509804,0.86,0.796875,1.0792156862745097,50,0.02,0.4512893281546739,0.889455751077556
Bioavailability_Ma,uncertainty_only_guard,K100,100,100,128,102,79,0.7745098039215687,0.79,0.796875,0.9913725490196079,100,0.01,0.496661413199975,0.889455751077556
Bioavailability_Ma,uncertainty_only_guard,Top20pct,26,26,128,102,23,0.22549019607843138,0.8846153846153846,0.796875,1.110105580693816,26,0.038461538461538464,0.4191348213440642,0.889455751077556
Bioavailability_Ma,conformal_rejection_baseline,K50,50,50,128,102,43,0.4215686274509804,0.86,0.796875,1.0792156862745097,50,0.02,0.4512893281546739,0.889455751077556
Bioavailability_Ma,conformal_rejection_baseline,K100,100,100,128,102,79,0.7745098039215687,0.79,0.796875,0.9913725490196079,100,0.01,0.496661413199975,0.889455751077556
Bioavailability_Ma,conformal_rejection_baseline,Top20pct,26,26,128,102,23,0.22549019607843138,0.8846153846153846,0.796875,1.110105580693816,26,0.038461538461538464,0.4191348213440642,0.889455751077556
Bioavailability_Ma,hgb_ecfp_proxy,K50,50,50,128,102,45,0.4411764705882353,0.9,0.796875,1.1294117647058823,50,0.02,0.46837365597375036,0.8843739604703698
Bioavailability_Ma,hgb_ecfp_proxy,K100,100,100,128,102,79,0.7745098039215687,0.79,0.796875,0.9913725490196079,100,0.01,0.49698123222544327,0.8843739604703698
Bioavailability_Ma,hgb_ecfp_proxy,Top20pct,26,26,128,102,22,0.21568627450980393,0.8461538461538461,0.796875,1.06184012066365,26,0.038461538461538464,0.4607136135254557,0.8843739604703698
Bioavailability_Ma,mr8c_audit_card_acquisition,K50,50,50,128,102,43,0.4215686274509804,0.86,0.796875,1.0792156862745097,50,0.02,0.42449241061540305,0.9117132754176356
Bioavailability_Ma,mr8c_audit_card_acquisition,K100,100,100,128,102,80,0.7843137254901961,0.8,0.796875,1.003921568627451,100,0.01,0.49036741258922256,0.9117132754176356
Bioavailability_Ma,mr8c_audit_card_acquisition,Top20pct,26,26,128,102,24,0.23529411764705882,0.9230769230769231,0.796875,1.158371040723982,26,0.038461538461538464,0.3815582997867138,0.9117132754176356
CYP2C9_Substrate_CarbonMangels,random_fixed_seed,K50,50,50,135,22,9,0.4090909090909091,0.18,0.16296296296296298,1.1045454545454545,42,0.08,0.493046180611618,0.1967496206163371
CYP2C9_Substrate_CarbonMangels,random_fixed_seed,K100,100,100,135,22,15,0.6818181818181818,0.15,0.16296296296296298,0.9204545454545453,82,0.04,0.48452454898758895,0.1967496206163371
CYP2C9_Substrate_CarbonMangels,random_fixed_seed,Top20pct,27,27,135,22,5,0.22727272727272727,0.18518518518518517,0.16296296296296298,1.1363636363636362,22,0.1111111111111111,0.48751163987411644,0.1967496206163371
CYP2C9_Substrate_CarbonMangels,activity_only,K50,50,50,135,22,13,0.5909090909090909,0.26,0.16296296296296298,1.5954545454545455,45,0.06,0.5612838246468437,0.4014340602068584
CYP2C9_Substrate_CarbonMangels,activity_only,K100,100,100,135,22,18,0.8181818181818182,0.18,0.16296296296296298,1.1045454545454545,84,0.06,0.5317887750879635,0.4014340602068584
CYP2C9_Substrate_CarbonMangels,activity_only,Top20pct,27,27,135,22,12,0.5454545454545454,0.4444444444444444,0.16296296296296298,2.727272727272727,26,0.07407407407407407,0.5625998878610888,0.4014340602068584
CYP2C9_Substrate_CarbonMangels,scaffold_quota,K50,50,50,135,22,12,0.5454545454545454,0.24,0.16296296296296298,1.4727272727272727,50,0.02,0.5549369674418887,0.4014340602068584
CYP2C9_Substrate_CarbonMangels,scaffold_quota,K100,100,100,135,22,16,0.7272727272727273,0.16,0.16296296296296298,0.9818181818181818,100,0.01,0.5036172690654223,0.4014340602068584
CYP2C9_Substrate_CarbonMangels,scaffold_quota,Top20pct,27,27,135,22,12,0.5454545454545454,0.4444444444444444,0.16296296296296298,2.727272727272727,27,0.037037037037037035,0.5517959930668892,0.4014340602068584
CYP2C9_Substrate_CarbonMangels,ad_distance_guard,K50,50,50,135,22,13,0.5909090909090909,0.26,0.16296296296296298,1.5954545454545455,50,0.02,0.5493329352965687,0.40246655815851773
CYP2C9_Substrate_CarbonMangels,ad_distance_guard,K100,100,100,135,22,16,0.7272727272727273,0.16,0.16296296296296298,0.9818181818181818,100,0.01,0.49945804596129934,0.40246655815851773
CYP2C9_Substrate_CarbonMangels,ad_distance_guard,Top20pct,27,27,135,22,12,0.5454545454545454,0.4444444444444444,0.16296296296296298,2.727272727272727,27,0.037037037037037035,0.5520939303747676,0.40246655815851773
CYP2C9_Substrate_CarbonMangels,uncertainty_only_guard,K50,50,50,135,22,12,0.5454545454545454,0.24,0.16296296296296298,1.4727272727272727,50,0.02,0.5549369674418887,0.4014340602068584
CYP2C9_Substrate_CarbonMangels,uncertainty_only_guard,K100,100,100,135,22,16,0.7272727272727273,0.16,0.16296296296296298,0.9818181818181818,100,0.01,0.5036172690654223,0.4014340602068584
CYP2C9_Substrate_CarbonMangels,uncertainty_only_guard,Top20pct,27,27,135,22,12,0.5454545454545454,0.4444444444444444,0.16296296296296298,2.727272727272727,27,0.037037037037037035,0.5517959930668892,0.4014340602068584
CYP2C9_Substrate_CarbonMangels,conformal_rejection_baseline,K50,50,50,135,22,12,0.5454545454545454,0.24,0.16296296296296298,1.4727272727272727,50,0.02,0.5549369674418887,0.4014340602068584
CYP2C9_Substrate_CarbonMangels,conformal_rejection_baseline,K100,100,100,135,22,16,0.7272727272727273,0.16,0.16296296296296298,0.9818181818181818,100,0.01,0.5036172690654223,0.4014340602068584
CYP2C9_Substrate_CarbonMangels,conformal_rejection_baseline,Top20pct,27,27,135,22,12,0.5454545454545454,0.4444444444444444,0.16296296296296298,2.727272727272727,27,0.037037037037037035,0.5517959930668892,0.4014340602068584
CYP2C9_Substrate_CarbonMangels,hgb_ecfp_proxy,K50,50,50,135,22,11,0.5,0.22,0.16296296296296298,1.3499999999999999,50,0.02,0.532139616549078,0.4052760504720794
CYP2C9_Substrate_CarbonMangels,hgb_ecfp_proxy,K100,100,100,135,22,16,0.7272727272727273,0.16,0.16296296296296298,0.9818181818181818,100,0.01,0.5006115014204275,0.4052760504720794
CYP2C9_Substrate_CarbonMangels,hgb_ecfp_proxy,Top20pct,27,27,135,22,9,0.4090909090909091,0.3333333333333333,0.16296296296296298,2.045454545454545,27,0.037037037037037035,0.5495598391935207,0.4052760504720794
CYP2C9_Substrate_CarbonMangels,mr8c_audit_card_acquisition,K50,50,50,135,22,12,0.5454545454545454,0.24,0.16296296296296298,1.4727272727272727,50,0.02,0.5228710752709113,0.3767295882122589
CYP2C9_Substrate_CarbonMangels,mr8c_audit_card_acquisition,K100,100,100,135,22,16,0.7272727272727273,0.16,0.16296296296296298,0.9818181818181818,100,0.01,0.4935963234265908,0.3767295882122589
CYP2C9_Substrate_CarbonMangels,mr8c_audit_card_acquisition,Top20pct,27,27,135,22,10,0.45454545454545453,0.37037037037037035,0.16296296296296298,2.2727272727272725,27,0.037037037037037035,0.5183105364955094,0.3767295882122589
CYP2D6_Substrate_CarbonMangels,random_fixed_seed,K50,50,50,135,39,14,0.358974358974359,0.28,0.28888888888888886,0.9692307692307695,39,0.12,0.4631400584722956,0.3517820919771321
CYP2D6_Substrate_CarbonMangels,random_fixed_seed,K100,100,100,135,39,29,0.7435897435897436,0.29,0.28888888888888886,1.0038461538461538,80,0.08,0.4980262936469692,0.3517820919771321
CYP2D6_Substrate_CarbonMangels,random_fixed_seed,Top20pct,27,27,135,39,7,0.1794871794871795,0.25925925925925924,0.28888888888888886,0.8974358974358975,21,0.14814814814814814,0.4334370120057649,0.3517820919771321
CYP2D6_Substrate_CarbonMangels,activity_only,K50,50,50,135,39,23,0.5897435897435898,0.46,0.28888888888888886,1.5923076923076924,44,0.06,0.5841011807662788,0.5686759967919621
CYP2D6_Substrate_CarbonMangels,activity_only,K100,100,100,135,39,34,0.8717948717948718,0.34,0.28888888888888886,1.1769230769230772,79,0.06,0.5431683277881159,0.5686759967919621
CYP2D6_Substrate_CarbonMangels,activity_only,Top20pct,27,27,135,39,16,0.41025641025641024,0.5925925925925926,0.28888888888888886,2.0512820512820515,24,0.07407407407407407,0.5710983059936052,0.5686759967919621
CYP2D6_Substrate_CarbonMangels,scaffold_quota,K50,50,50,135,39,21,0.5384615384615384,0.42,0.28888888888888886,1.453846153846154,50,0.02,0.572812951600515,0.5686759967919621
CYP2D6_Substrate_CarbonMangels,scaffold_quota,K100,100,100,135,39,31,0.7948717948717948,0.31,0.28888888888888886,1.0730769230769233,99,0.02,0.5232824652931888,0.5686759967919621
CYP2D6_Substrate_CarbonMangels,scaffold_quota,Top20pct,27,27,135,39,15,0.38461538461538464,0.5555555555555556,0.28888888888888886,1.9230769230769234,27,0.037037037037037035,0.5662066514239227,0.5686759967919621
CYP2D6_Substrate_CarbonMangels,ad_distance_guard,K50,50,50,135,39,21,0.5384615384615384,0.42,0.28888888888888886,1.453846153846154,50,0.02,0.5700789159761748,0.5535929321287674
CYP2D6_Substrate_CarbonMangels,ad_distance_guard,K100,100,100,135,39,31,0.7948717948717948,0.31,0.28888888888888886,1.0730769230769233,99,0.02,0.5232824652931888,0.5535929321287674
CYP2D6_Substrate_CarbonMangels,ad_distance_guard,Top20pct,27,27,135,39,16,0.41025641025641024,0.5925925925925926,0.28888888888888886,2.0512820512820515,27,0.037037037037037035,0.5572667527170924,0.5535929321287674
CYP2D6_Substrate_CarbonMangels,uncertainty_only_guard,K50,50,50,135,39,21,0.5384615384615384,0.42,0.28888888888888886,1.453846153846154,50,0.02,0.572812951600515,0.5686759967919621
CYP2D6_Substrate_CarbonMangels,uncertainty_only_guard,K100,100,100,135,39,31,0.7948717948717948,0.31,0.28888888888888886,1.0730769230769233,99,0.02,0.5232824652931888,0.5686759967919621
CYP2D6_Substrate_CarbonMangels,uncertainty_only_guard,Top20pct,27,27,135,39,15,0.38461538461538464,0.5555555555555556,0.28888888888888886,1.9230769230769234,27,0.037037037037037035,0.5662066514239227,0.5686759967919621
CYP2D6_Substrate_CarbonMangels,conformal_rejection_baseline,K50,50,50,135,39,21,0.5384615384615384,0.42,0.28888888888888886,1.453846153846154,50,0.02,0.572812951600515,0.5686759967919621
CYP2D6_Substrate_CarbonMangels,conformal_rejection_baseline,K100,100,100,135,39,31,0.7948717948717948,0.31,0.28888888888888886,1.0730769230769233,99,0.02,0.5232824652931888,0.5686759967919621
CYP2D6_Substrate_CarbonMangels,conformal_rejection_baseline,Top20pct,27,27,135,39,15,0.38461538461538464,0.5555555555555556,0.28888888888888886,1.9230769230769234,27,0.037037037037037035,0.5662066514239227,0.5686759967919621
CYP2D6_Substrate_CarbonMangels,hgb_ecfp_proxy,K50,50,50,135,39,19,0.48717948717948717,0.38,0.28888888888888886,1.3153846153846156,50,0.02,0.5586697716967718,0.43790526116453965
CYP2D6_Substrate_CarbonMangels,hgb_ecfp_proxy,K100,100,100,135,39,30,0.7692307692307693,0.3,0.28888888888888886,1.0384615384615385,99,0.02,0.5229218920614896,0.43790526116453965
CYP2D6_Substrate_CarbonMangels,hgb_ecfp_proxy,Top20pct,27,27,135,39,11,0.28205128205128205,0.4074074074074074,0.28888888888888886,1.4102564102564104,27,0.037037037037037035,0.5710798771148999,0.43790526116453965
CYP2D6_Substrate_CarbonMangels,mr8c_audit_card_acquisition,K50,50,50,135,39,21,0.5384615384615384,0.42,0.28888888888888886,1.453846153846154,50,0.02,0.5585689640869721,0.553463095608412
CYP2D6_Substrate_CarbonMangels,mr8c_audit_card_acquisition,K100,100,100,135,39,31,0.7948717948717948,0.31,0.28888888888888886,1.0730769230769233,99,0.02,0.5211520918984213,0.553463095608412
CYP2D6_Substrate_CarbonMangels,mr8c_audit_card_acquisition,Top20pct,27,27,135,39,15,0.38461538461538464,0.5555555555555556,0.28888888888888886,1.9230769230769234,27,0.037037037037037035,0.5473882866811927,0.553463095608412
CYP3A4_Substrate_CarbonMangels,random_fixed_seed,K50,50,50,135,75,31,0.41333333333333333,0.62,0.5555555555555556,1.1159999999999999,45,0.06,0.5411594569102124,0.5786682603699145
CYP3A4_Substrate_CarbonMangels,random_fixed_seed,K100,100,100,135,75,55,0.7333333333333333,0.55,0.5555555555555556,0.99,85,0.04,0.5412266205815123,0.5786682603699145
CYP3A4_Substrate_CarbonMangels,random_fixed_seed,Top20pct,27,27,135,75,16,0.21333333333333335,0.5925925925925926,0.5555555555555556,1.0666666666666667,27,0.037037037037037035,0.5481993442911903,0.5786682603699145
CYP3A4_Substrate_CarbonMangels,activity_only,K50,50,50,135,75,36,0.48,0.72,0.5555555555555556,1.2959999999999998,41,0.08,0.4816284150109275,0.7129011077573
CYP3A4_Substrate_CarbonMangels,activity_only,K100,100,100,135,75,61,0.8133333333333334,0.61,0.5555555555555556,1.0979999999999999,84,0.04,0.5491825504429483,0.7129011077573
CYP3A4_Substrate_CarbonMangels,activity_only,Top20pct,27,27,135,75,22,0.29333333333333333,0.8148148148148148,0.5555555555555556,1.4666666666666666,25,0.07407407407407407,0.4388374454029715,0.7129011077573
CYP3A4_Substrate_CarbonMangels,scaffold_quota,K50,50,50,135,75,36,0.48,0.72,0.5555555555555556,1.2959999999999998,50,0.02,0.4909364198452699,0.7129011077573
CYP3A4_Substrate_CarbonMangels,scaffold_quota,K100,100,100,135,75,61,0.8133333333333334,0.61,0.5555555555555556,1.0979999999999999,100,0.01,0.55173543761601,0.7129011077573
CYP3A4_Substrate_CarbonMangels,scaffold_quota,Top20pct,27,27,135,75,21,0.28,0.7777777777777778,0.5555555555555556,1.4,27,0.037037037037037035,0.4411928589188301,0.7129011077573
CYP3A4_Substrate_CarbonMangels,ad_distance_guard,K50,50,50,135,75,34,0.4533333333333333,0.68,0.5555555555555556,1.224,50,0.02,0.4854446319322123,0.7090879318693305
CYP3A4_Substrate_CarbonMangels,ad_distance_guard,K100,100,100,135,75,60,0.8,0.6,0.5555555555555556,1.0799999999999998,100,0.01,0.5475163097809896,0.7090879318693305
CYP3A4_Substrate_CarbonMangels,ad_distance_guard,Top20pct,27,27,135,75,21,0.28,0.7777777777777778,0.5555555555555556,1.4,27,0.037037037037037035,0.4379436736057371,0.7090879318693305
CYP3A4_Substrate_CarbonMangels,uncertainty_only_guard,K50,50,50,135,75,36,0.48,0.72,0.5555555555555556,1.2959999999999998,50,0.02,0.4909364198452699,0.7129011077573
CYP3A4_Substrate_CarbonMangels,uncertainty_only_guard,K100,100,100,135,75,61,0.8133333333333334,0.61,0.5555555555555556,1.0979999999999999,100,0.01,0.55173543761601,0.7129011077573
CYP3A4_Substrate_CarbonMangels,uncertainty_only_guard,Top20pct,27,27,135,75,21,0.28,0.7777777777777778,0.5555555555555556,1.4,27,0.037037037037037035,0.4411928589188301,0.7129011077573
CYP3A4_Substrate_CarbonMangels,conformal_rejection_baseline,K50,50,50,135,75,36,0.48,0.72,0.5555555555555556,1.2959999999999998,50,0.02,0.4909364198452699,0.7129011077573
CYP3A4_Substrate_CarbonMangels,conformal_rejection_baseline,K100,100,100,135,75,61,0.8133333333333334,0.61,0.5555555555555556,1.0979999999999999,100,0.01,0.55173543761601,0.7129011077573
CYP3A4_Substrate_CarbonMangels,conformal_rejection_baseline,Top20pct,27,27,135,75,21,0.28,0.7777777777777778,0.5555555555555556,1.4,27,0.037037037037037035,0.4411928589188301,0.7129011077573
CYP3A4_Substrate_CarbonMangels,hgb_ecfp_proxy,K50,50,50,135,75,31,0.41333333333333333,0.62,0.5555555555555556,1.1159999999999999,50,0.02,0.510962423773572,0.6275632965869085
CYP3A4_Substrate_CarbonMangels,hgb_ecfp_proxy,K100,100,100,135,75,57,0.76,0.57,0.5555555555555556,1.0259999999999998,100,0.01,0.5483665995106066,0.6275632965869085
CYP3A4_Substrate_CarbonMangels,hgb_ecfp_proxy,Top20pct,27,27,135,75,16,0.21333333333333335,0.5925925925925926,0.5555555555555556,1.0666666666666667,27,0.037037037037037035,0.45934065996494555,0.6275632965869085
CYP3A4_Substrate_CarbonMangels,mr8c_audit_card_acquisition,K50,50,50,135,75,34,0.4533333333333333,0.68,0.5555555555555556,1.224,50,0.02,0.4796174606510916,0.7077438400350934
CYP3A4_Substrate_CarbonMangels,mr8c_audit_card_acquisition,K100,100,100,135,75,60,0.8,0.6,0.5555555555555556,1.0799999999999998,100,0.01,0.5440025224480528,0.7077438400350934
CYP3A4_Substrate_CarbonMangels,mr8c_audit_card_acquisition,Top20pct,27,27,135,75,22,0.29333333333333333,0.8148148148148148,0.5555555555555556,1.4666666666666666,27,0.037037037037037035,0.434038233534435,0.7077438400350934
