task_name,method,k_label,k,effective_k,test_rows,positive_denominator,positive_selected,positive_recall_at_k,positive_fraction_at_k,background_positive_fraction,enrichment_at_k,unique_scaffolds_at_k,dominant_scaffold_fraction_at_k,mean_ad_distance_risk_at_k,average_precision,auroc,comparator_positive_recall_at_k,comparator_enrichment_at_k,comparator_average_precision,comparator_auroc,delta_vs_tuned_rf_scaffold_quota,enrichment_delta_vs_tuned_rf_scaffold_quota,auprc_delta_vs_tuned_rf_scaffold_quota,auroc_delta_vs_tuned_rf_scaffold_quota
AMES,random_fixed_seed,K50,50,50,1457,837,29,0.03464755077658303,0.58,0.574468085106383,1.0096296296296294,38,0.08,0.4929637750892751,0.5774195800244277,0.5139322465024858,0.05854241338112306,1.7059259259259258,0.8739093220454779,0.8288039079662388,-0.023894862604540025,-0.6962962962962964,-0.29648974202105016,-0.314871661463753
AMES,tuned_hgb_activity_only,K50,50,50,1457,837,49,0.05854241338112306,0.98,0.574468085106383,1.7059259259259258,17,0.36,0.3261677490248189,0.8731900208107405,0.832043203453193,0.05854241338112306,1.7059259259259258,0.8739093220454779,0.8288039079662388,0.0,0.0,-0.0007193012347374017,0.00323929548695423
AMES,tuned_hgb_ad_distance_guard,K50,50,50,1457,837,47,0.056152927120669056,0.94,0.574468085106383,1.6362962962962961,50,0.02,0.25621943442638095,0.8734573307370772,0.832488341619455,0.05854241338112306,1.7059259259259258,0.8739093220454779,0.8288039079662388,-0.002389486260454002,-0.06962962962962971,-0.0004519913084006788,0.003684433653216135
AMES,tuned_hgb_conformal_rejection_baseline,K50,50,50,1457,837,50,0.05973715651135006,1.0,0.574468085106383,1.7407407407407405,50,0.02,0.3905817187939356,0.8731900208107405,0.832043203453193,0.05854241338112306,1.7059259259259258,0.8739093220454779,0.8288039079662388,0.001194743130227001,0.03481481481481463,-0.0007193012347374017,0.00323929548695423
AMES,tuned_hgb_scaffold_quota,K50,50,50,1457,837,50,0.05973715651135006,1.0,0.574468085106383,1.7407407407407405,50,0.02,0.3905817187939356,0.8731900208107405,0.832043203453193,0.05854241338112306,1.7059259259259258,0.8739093220454779,0.8288039079662388,0.001194743130227001,0.03481481481481463,-0.0007193012347374017,0.00323929548695423
AMES,tuned_hgb_uncertainty_only_guard,K50,50,50,1457,837,50,0.05973715651135006,1.0,0.574468085106383,1.7407407407407405,50,0.02,0.3905817187939356,0.8731900208107405,0.832043203453193,0.05854241338112306,1.7059259259259258,0.8739093220454779,0.8288039079662388,0.001194743130227001,0.03481481481481463,-0.0007193012347374017,0.00323929548695423
AMES,tuned_rf_activity_only,K50,50,50,1457,837,50,0.05973715651135006,1.0,0.574468085106383,1.7407407407407405,17,0.18,0.29214351643635683,0.8739093220454779,0.8288039079662388,0.05854241338112306,1.7059259259259258,0.8739093220454779,0.8288039079662388,0.001194743130227001,0.03481481481481463,0.0,0.0
AMES,tuned_rf_ad_distance_guard,K50,50,50,1457,837,48,0.05734767025089606,0.96,0.574468085106383,1.671111111111111,50,0.02,0.26298981544790506,0.871569711413077,0.8280947701082977,0.05854241338112306,1.7059259259259258,0.8739093220454779,0.8288039079662388,-0.001194743130227001,-0.034814814814814854,-0.002339610632400846,-0.0007091378579411334
AMES,tuned_rf_conformal_rejection_baseline,K50,50,50,1457,837,49,0.05854241338112306,0.98,0.574468085106383,1.7059259259259258,50,0.02,0.32852422190222264,0.8739093220454779,0.8288039079662388,0.05854241338112306,1.7059259259259258,0.8739093220454779,0.8288039079662388,0.0,0.0,0.0,0.0
AMES,tuned_rf_scaffold_quota,K50,50,50,1457,837,49,0.05854241338112306,0.98,0.574468085106383,1.7059259259259258,50,0.02,0.32852422190222264,0.8739093220454779,0.8288039079662388,0.05854241338112306,1.7059259259259258,0.8739093220454779,0.8288039079662388,0.0,0.0,0.0,0.0
AMES,tuned_rf_ucb_uncertainty_proxy,K50,50,50,1457,837,49,0.05854241338112306,0.98,0.574468085106383,1.7059259259259258,50,0.02,0.33203817920928347,0.8740120871818042,0.8290717616680155,0.05854241338112306,1.7059259259259258,0.8739093220454779,0.8288039079662388,0.0,0.0,0.00010276513632634376,0.0002678537017767324
AMES,tuned_rf_uncertainty_only_guard,K50,50,50,1457,837,49,0.05854241338112306,0.98,0.574468085106383,1.7059259259259258,50,0.02,0.33203817920928347,0.8739766901013304,0.8286516745673873,0.05854241338112306,1.7059259259259258,0.8739093220454779,0.8288039079662388,0.0,0.0,6.736805585250139e-05,-0.000152233398851509
Bioavailability_Ma,random_fixed_seed,K50,50,50,128,102,40,0.39215686274509803,0.8,0.796875,1.003921568627451,43,0.08,0.5623065978361542,0.8142915134635811,0.5188536953242836,0.43137254901960786,1.104313725490196,0.9223508416725411,0.7484917043740573,-0.03921568627450983,-0.10039215686274505,-0.10805932820896003,-0.22963800904977372
Bioavailability_Ma,tuned_hgb_activity_only,K50,50,50,128,102,47,0.46078431372549017,0.94,0.796875,1.1796078431372548,40,0.08,0.6242178781554572,0.9223554818579058,0.7575414781297134,0.43137254901960786,1.104313725490196,0.9223508416725411,0.7484917043740573,0.029411764705882304,0.07529411764705873,4.64018536472377e-06,0.009049773755656076
Bioavailability_Ma,tuned_hgb_ad_distance_guard,K50,50,50,128,102,46,0.45098039215686275,0.92,0.796875,1.1545098039215687,50,0.02,0.5361878840731048,0.9196457233363252,0.7616892911010558,0.43137254901960786,1.104313725490196,0.9223508416725411,0.7484917043740573,0.019607843137254888,0.05019607843137264,-0.002705118336215895,0.013197586726998445
Bioavailability_Ma,tuned_hgb_conformal_rejection_baseline,K50,50,50,128,102,45,0.4411764705882353,0.9,0.796875,1.1294117647058823,50,0.02,0.5864620719916891,0.9223554818579058,0.7575414781297134,0.43137254901960786,1.104313725490196,0.9223508416725411,0.7484917043740573,0.009803921568627416,0.02509803921568632,4.64018536472377e-06,0.009049773755656076
Bioavailability_Ma,tuned_hgb_scaffold_quota,K50,50,50,128,102,45,0.4411764705882353,0.9,0.796875,1.1294117647058823,50,0.02,0.5864620719916891,0.9223554818579058,0.7575414781297134,0.43137254901960786,1.104313725490196,0.9223508416725411,0.7484917043740573,0.009803921568627416,0.02509803921568632,4.64018536472377e-06,0.009049773755656076
Bioavailability_Ma,tuned_hgb_uncertainty_only_guard,K50,50,50,128,102,45,0.4411764705882353,0.9,0.796875,1.1294117647058823,50,0.02,0.5864620719916891,0.9223554818579058,0.7575414781297134,0.43137254901960786,1.104313725490196,0.9223508416725411,0.7484917043740573,0.009803921568627416,0.02509803921568632,4.64018536472377e-06,0.009049773755656076
Bioavailability_Ma,tuned_rf_activity_only,K50,50,50,128,102,46,0.45098039215686275,0.92,0.796875,1.1545098039215687,40,0.08,0.6057557465607217,0.9223508416725411,0.7484917043740573,0.43137254901960786,1.104313725490196,0.9223508416725411,0.7484917043740573,0.019607843137254888,0.05019607843137264,0.0,0.0
Bioavailability_Ma,tuned_rf_ad_distance_guard,K50,50,50,128,102,43,0.4215686274509804,0.86,0.796875,1.0792156862745097,50,0.02,0.5623863837192928,0.9196009330341435,0.745475113122172,0.43137254901960786,1.104313725490196,0.9223508416725411,0.7484917043740573,-0.009803921568627472,-0.02509803921568632,-0.0027499086383976357,-0.003016591251885359
Bioavailability_Ma,tuned_rf_conformal_rejection_baseline,K50,50,50,128,102,44,0.43137254901960786,0.88,0.796875,1.104313725490196,50,0.02,0.5927735905057352,0.9223508416725411,0.7484917043740573,0.43137254901960786,1.104313725490196,0.9223508416725411,0.7484917043740573,0.0,0.0,0.0,0.0
Bioavailability_Ma,tuned_rf_scaffold_quota,K50,50,50,128,102,44,0.43137254901960786,0.88,0.796875,1.104313725490196,50,0.02,0.5927735905057352,0.9223508416725411,0.7484917043740573,0.43137254901960786,1.104313725490196,0.9223508416725411,0.7484917043740573,0.0,0.0,0.0,0.0
Bioavailability_Ma,tuned_rf_ucb_uncertainty_proxy,K50,50,50,128,102,44,0.43137254901960786,0.88,0.796875,1.104313725490196,50,0.02,0.5927735905057352,0.9219141393452523,0.7481146304675717,0.43137254901960786,1.104313725490196,0.9223508416725411,0.7484917043740573,0.0,0.0,-0.0004367023272887627,-0.00037707390648566985
Bioavailability_Ma,tuned_rf_uncertainty_only_guard,K50,50,50,128,102,45,0.4411764705882353,0.9,0.796875,1.1294117647058823,50,0.02,0.5923569238390685,0.9208138728336062,0.7473604826546002,0.43137254901960786,1.104313725490196,0.9223508416725411,0.7484917043740573,0.009803921568627416,0.02509803921568632,-0.001536968838934949,-0.0011312217194571206
CYP1A2_Veith,random_fixed_seed,K50,50,50,2517,1140,21,0.018421052631578946,0.42,0.45292014302741357,0.9273157894736842,49,0.04,0.4580971694941305,0.47107582674623405,0.520543643058263,0.04298245614035088,2.1637368421052634,0.9053264320296723,0.918011122577686,-0.024561403508771933,-1.236421052631579,-0.4342506052834383,-0.3974674795194231
CYP1A2_Veith,tuned_hgb_activity_only,K50,50,50,2517,1140,50,0.043859649122807015,1.0,0.45292014302741357,2.2078947368421056,27,0.1,0.26880665572028667,0.9141354874319506,0.9266021353310655,0.04298245614035088,2.1637368421052634,0.9053264320296723,0.918011122577686,0.0008771929824561361,0.044157894736842174,0.008809055402278276,0.008591012753379479
CYP1A2_Veith,tuned_hgb_ad_distance_guard,K50,50,50,2517,1140,49,0.04298245614035088,0.98,0.45292014302741357,2.1637368421052634,50,0.02,0.23264886528359,0.9102684827347478,0.9257574309775891,0.04298245614035088,2.1637368421052634,0.9053264320296723,0.918011122577686,0.0,0.0,0.004942050705075474,0.00774630839990309
CYP1A2_Veith,tuned_hgb_conformal_rejection_baseline,K50,50,50,2517,1140,50,0.043859649122807015,1.0,0.45292014302741357,2.2078947368421056,50,0.02,0.32076855561655665,0.9141354874319506,0.9266021353310655,0.04298245614035088,2.1637368421052634,0.9053264320296723,0.918011122577686,0.0008771929824561361,0.044157894736842174,0.008809055402278276,0.008591012753379479
CYP1A2_Veith,tuned_hgb_scaffold_quota,K50,50,50,2517,1140,50,0.043859649122807015,1.0,0.45292014302741357,2.2078947368421056,50,0.02,0.32076855561655665,0.9141354874319506,0.9266021353310655,0.04298245614035088,2.1637368421052634,0.9053264320296723,0.918011122577686,0.0008771929824561361,0.044157894736842174,0.008809055402278276,0.008591012753379479
CYP1A2_Veith,tuned_hgb_uncertainty_only_guard,K50,50,50,2517,1140,50,0.043859649122807015,1.0,0.45292014302741357,2.2078947368421056,50,0.02,0.32076855561655665,0.9141354874319506,0.9266021353310655,0.04298245614035088,2.1637368421052634,0.9053264320296723,0.918011122577686,0.0008771929824561361,0.044157894736842174,0.008809055402278276,0.008591012753379479
CYP1A2_Veith,tuned_rf_activity_only,K50,50,50,2517,1140,50,0.043859649122807015,1.0,0.45292014302741357,2.2078947368421056,21,0.12,0.25686631896258016,0.9053264320296723,0.918011122577686,0.04298245614035088,2.1637368421052634,0.9053264320296723,0.918011122577686,0.0008771929824561361,0.044157894736842174,0.0,0.0
CYP1A2_Veith,tuned_rf_ad_distance_guard,K50,50,50,2517,1140,49,0.04298245614035088,0.98,0.45292014302741357,2.1637368421052634,50,0.02,0.23664624472168463,0.9027860654974116,0.917725732268216,0.04298245614035088,2.1637368421052634,0.9053264320296723,0.918011122577686,0.0,0.0,-0.0025403665322607516,-0.00028539030947005717
CYP1A2_Veith,tuned_rf_conformal_rejection_baseline,K50,50,50,2517,1140,49,0.04298245614035088,0.98,0.45292014302741357,2.1637368421052634,50,0.02,0.27602567870841865,0.9053264320296723,0.918011122577686,0.04298245614035088,2.1637368421052634,0.9053264320296723,0.918011122577686,0.0,0.0,0.0,0.0
CYP1A2_Veith,tuned_rf_scaffold_quota,K50,50,50,2517,1140,49,0.04298245614035088,0.98,0.45292014302741357,2.1637368421052634,50,0.02,0.27602567870841865,0.9053264320296723,0.918011122577686,0.04298245614035088,2.1637368421052634,0.9053264320296723,0.918011122577686,0.0,0.0,0.0,0.0
CYP1A2_Veith,tuned_rf_ucb_uncertainty_proxy,K50,50,50,2517,1140,49,0.04298245614035088,0.98,0.45292014302741357,2.1637368421052634,50,0.02,0.27672648733375554,0.9053772284126185,0.9180117596096269,0.04298245614035088,2.1637368421052634,0.9053264320296723,0.918011122577686,0.0,0.0,5.079638294613886e-05,6.370319408643965e-07
CYP1A2_Veith,tuned_rf_uncertainty_only_guard,K50,50,50,2517,1140,49,0.04298245614035088,0.98,0.45292014302741357,2.1637368421052634,50,0.02,0.2769974320752885,0.9038663921000015,0.9142309750410885,0.04298245614035088,2.1637368421052634,0.9053264320296723,0.918011122577686,0.0,0.0,-0.0014600399296708089,-0.0037801475365975
CYP2C19_Veith,random_fixed_seed,K50,50,50,2534,1078,23,0.021335807050092765,0.46,0.425414364640884,1.0812987012987012,49,0.04,0.5068445057872554,0.4343859760058786,0.5117707547554486,0.041743970315398886,2.1155844155844155,0.8441168012072862,0.8950230254439436,-0.02040816326530612,-1.0342857142857143,-0.4097308252014076,-0.383252270688495
CYP2C19_Veith,tuned_hgb_activity_only,K50,50,50,2534,1078,45,0.041743970315398886,0.9,0.425414364640884,2.1155844155844155,25,0.24,0.3770118088006174,0.8502140620339735,0.9019147306774857,0.041743970315398886,2.1155844155844155,0.8441168012072862,0.8950230254439436,0.0,0.0,0.0060972608266873785,0.0068917052335421
CYP2C19_Veith,tuned_hgb_ad_distance_guard,K50,50,50,2534,1078,46,0.04267161410018553,0.92,0.425414364640884,2.1625974025974024,50,0.02,0.32362782784895494,0.8532955196686813,0.9015203546453547,0.041743970315398886,2.1155844155844155,0.8441168012072862,0.8950230254439436,0.0009276437847866442,0.04701298701298695,0.009178718461395174,0.006497329201411106
CYP2C19_Veith,tuned_hgb_conformal_rejection_baseline,K50,50,50,2534,1078,46,0.04267161410018553,0.92,0.425414364640884,2.1625974025974024,50,0.02,0.4546846460873383,0.8502140620339735,0.9019147306774857,0.041743970315398886,2.1155844155844155,0.8441168012072862,0.8950230254439436,0.0009276437847866442,0.04701298701298695,0.0060972608266873785,0.0068917052335421
CYP2C19_Veith,tuned_hgb_scaffold_quota,K50,50,50,2534,1078,46,0.04267161410018553,0.92,0.425414364640884,2.1625974025974024,50,0.02,0.4546846460873383,0.8502140620339735,0.9019147306774857,0.041743970315398886,2.1155844155844155,0.8441168012072862,0.8950230254439436,0.0009276437847866442,0.04701298701298695,0.0060972608266873785,0.0068917052335421
CYP2C19_Veith,tuned_hgb_uncertainty_only_guard,K50,50,50,2534,1078,46,0.04267161410018553,0.92,0.425414364640884,2.1625974025974024,50,0.02,0.4546846460873383,0.8502140620339735,0.9019147306774857,0.041743970315398886,2.1155844155844155,0.8441168012072862,0.8950230254439436,0.0009276437847866442,0.04701298701298695,0.0060972608266873785,0.0068917052335421
CYP2C19_Veith,tuned_rf_activity_only,K50,50,50,2534,1078,47,0.04359925788497217,0.94,0.425414364640884,2.2096103896103894,22,0.28,0.3183870063227437,0.8441168012072862,0.8950230254439436,0.041743970315398886,2.1155844155844155,0.8441168012072862,0.8950230254439436,0.0018552875695732815,0.0940259740259739,0.0,0.0
CYP2C19_Veith,tuned_rf_ad_distance_guard,K50,50,50,2534,1078,46,0.04267161410018553,0.92,0.425414364640884,2.1625974025974024,50,0.02,0.31159815445783456,0.8441489979277905,0.893981974657995,0.041743970315398886,2.1155844155844155,0.8441168012072862,0.8950230254439436,0.0009276437847866442,0.04701298701298695,3.219672050436273e-05,-0.0010410507859486273
CYP2C19_Veith,tuned_rf_conformal_rejection_baseline,K50,50,50,2534,1078,45,0.041743970315398886,0.9,0.425414364640884,2.1155844155844155,50,0.02,0.3840315898621429,0.8441168012072862,0.8950230254439436,0.041743970315398886,2.1155844155844155,0.8441168012072862,0.8950230254439436,0.0,0.0,0.0,0.0
CYP2C19_Veith,tuned_rf_scaffold_quota,K50,50,50,2534,1078,45,0.041743970315398886,0.9,0.425414364640884,2.1155844155844155,50,0.02,0.3840315898621429,0.8441168012072862,0.8950230254439436,0.041743970315398886,2.1155844155844155,0.8441168012072862,0.8950230254439436,0.0,0.0,0.0,0.0
CYP2C19_Veith,tuned_rf_ucb_uncertainty_proxy,K50,50,50,2534,1078,45,0.041743970315398886,0.9,0.425414364640884,2.1155844155844155,50,0.02,0.38403158986214303,0.844095337031551,0.8945521952537258,0.041743970315398886,2.1155844155844155,0.8441168012072862,0.8950230254439436,0.0,0.0,-2.1464175735119717e-05,-0.00047083019021787464
CYP2C19_Veith,tuned_rf_uncertainty_only_guard,K50,50,50,2534,1078,46,0.04267161410018553,0.92,0.425414364640884,2.1625974025974024,50,0.02,0.3805614187823993,0.8439577211254988,0.8943814476339986,0.041743970315398886,2.1155844155844155,0.8441168012072862,0.8950230254439436,0.0009276437847866442,0.04701298701298695,-0.0001590800817873328,-0.0006415778099450042
CYP2C9_Substrate_CarbonMangels,random_fixed_seed,K50,50,50,135,22,9,0.4090909090909091,0.18,0.16296296296296298,1.1045454545454545,42,0.08,0.6001589019328074,0.1967496206163371,0.5261464199517296,0.5909090909090909,1.5954545454545455,0.3819423458713955,0.6544650040225262,-0.18181818181818182,-0.49090909090909096,-0.18519272525505842,-0.12831858407079655
CYP2C9_Substrate_CarbonMangels,tuned_hgb_activity_only,K50,50,50,135,22,13,0.5909090909090909,0.26,0.16296296296296298,1.5954545454545455,48,0.04,0.5686081217192246,0.30696769165652477,0.6150442477876106,0.5909090909090909,1.5954545454545455,0.3819423458713955,0.6544650040225262,0.0,0.0,-0.07497465421487076,-0.03942075623491559
CYP2C9_Substrate_CarbonMangels,tuned_hgb_ad_distance_guard,K50,50,50,135,22,13,0.5909090909090909,0.26,0.16296296296296298,1.5954545454545455,50,0.02,0.5721010510121538,0.3113852961809047,0.6170555108608206,0.5909090909090909,1.5954545454545455,0.3819423458713955,0.6544650040225262,0.0,0.0,-0.07055704969049081,-0.03740949316170561
CYP2C9_Substrate_CarbonMangels,tuned_hgb_conformal_rejection_baseline,K50,50,50,135,22,13,0.5909090909090909,0.26,0.16296296296296298,1.5954545454545455,50,0.02,0.5721010510121538,0.30696769165652477,0.6150442477876106,0.5909090909090909,1.5954545454545455,0.3819423458713955,0.6544650040225262,0.0,0.0,-0.07497465421487076,-0.03942075623491559
CYP2C9_Substrate_CarbonMangels,tuned_hgb_scaffold_quota,K50,50,50,135,22,13,0.5909090909090909,0.26,0.16296296296296298,1.5954545454545455,50,0.02,0.5721010510121538,0.30696769165652477,0.6150442477876106,0.5909090909090909,1.5954545454545455,0.3819423458713955,0.6544650040225262,0.0,0.0,-0.07497465421487076,-0.03942075623491559
CYP2C9_Substrate_CarbonMangels,tuned_hgb_uncertainty_only_guard,K50,50,50,135,22,13,0.5909090909090909,0.26,0.16296296296296298,1.5954545454545455,50,0.02,0.5721010510121538,0.30696769165652477,0.6150442477876106,0.5909090909090909,1.5954545454545455,0.3819423458713955,0.6544650040225262,0.0,0.0,-0.07497465421487076,-0.03942075623491559
CYP2C9_Substrate_CarbonMangels,tuned_rf_activity_only,K50,50,50,135,22,14,0.6363636363636364,0.28,0.16296296296296298,1.7181818181818183,45,0.06,0.5755070454393141,0.3819423458713955,0.6544650040225262,0.5909090909090909,1.5954545454545455,0.3819423458713955,0.6544650040225262,0.045454545454545414,0.1227272727272728,0.0,0.0
CYP2C9_Substrate_CarbonMangels,tuned_rf_ad_distance_guard,K50,50,50,135,22,14,0.6363636363636364,0.28,0.16296296296296298,1.7181818181818183,50,0.02,0.5696165132799623,0.367066826278732,0.6500402252614642,0.5909090909090909,1.5954545454545455,0.3819423458713955,0.6544650040225262,0.045454545454545414,0.1227272727272728,-0.014875519592663533,-0.004424778761061954
CYP2C9_Substrate_CarbonMangels,tuned_rf_conformal_rejection_baseline,K50,50,50,135,22,13,0.5909090909090909,0.26,0.16296296296296298,1.5954545454545455,50,0.02,0.583290661143359,0.3819423458713955,0.6544650040225262,0.5909090909090909,1.5954545454545455,0.3819423458713955,0.6544650040225262,0.0,0.0,0.0,0.0
CYP2C9_Substrate_CarbonMangels,tuned_rf_scaffold_quota,K50,50,50,135,22,13,0.5909090909090909,0.26,0.16296296296296298,1.5954545454545455,50,0.02,0.583290661143359,0.3819423458713955,0.6544650040225262,0.5909090909090909,1.5954545454545455,0.3819423458713955,0.6544650040225262,0.0,0.0,0.0,0.0
CYP2C9_Substrate_CarbonMangels,tuned_rf_ucb_uncertainty_proxy,K50,50,50,135,22,13,0.5909090909090909,0.26,0.16296296296296298,1.5954545454545455,50,0.02,0.5835678122874133,0.38221335456461686,0.6568785197103781,0.5909090909090909,1.5954545454545455,0.3819423458713955,0.6544650040225262,0.0,0.0,0.0002710086932213307,0.002413515687851975
CYP2C9_Substrate_CarbonMangels,tuned_rf_uncertainty_only_guard,K50,50,50,135,22,14,0.6363636363636364,0.28,0.16296296296296298,1.7181818181818183,50,0.02,0.5831727265235681,0.37949959187403076,0.656878519710378,0.5909090909090909,1.5954545454545455,0.3819423458713955,0.6544650040225262,0.045454545454545414,0.1227272727272728,-0.002442753997364766,0.0024135156878518638
CYP2D6_Substrate_CarbonMangels,random_fixed_seed,K50,50,50,135,39,14,0.358974358974359,0.28,0.28888888888888886,0.9692307692307695,39,0.12,0.5316444933932234,0.3517820919771321,0.5077457264957266,0.48717948717948717,1.3153846153846156,0.6086849246157301,0.7160790598290598,-0.1282051282051282,-0.34615384615384615,-0.256902832638598,-0.20833333333333326
CYP2D6_Substrate_CarbonMangels,tuned_hgb_activity_only,K50,50,50,135,39,26,0.6666666666666666,0.52,0.28888888888888886,1.8000000000000003,41,0.06,0.5659962349062662,0.5275990383901857,0.6858974358974359,0.48717948717948717,1.3153846153846156,0.6086849246157301,0.7160790598290598,0.17948717948717946,0.48461538461538467,-0.08108588622554436,-0.030181623931623935
CYP2D6_Substrate_CarbonMangels,tuned_hgb_ad_distance_guard,K50,50,50,135,39,21,0.5384615384615384,0.42,0.28888888888888886,1.453846153846154,50,0.02,0.5800914298329419,0.5382083247025344,0.686965811965812,0.48717948717948717,1.3153846153846156,0.6086849246157301,0.7160790598290598,0.051282051282051266,0.1384615384615384,-0.07047659991319566,-0.02911324786324787
CYP2D6_Substrate_CarbonMangels,tuned_hgb_conformal_rejection_baseline,K50,50,50,135,39,21,0.5384615384615384,0.42,0.28888888888888886,1.453846153846154,50,0.02,0.5816974761248646,0.5275990383901857,0.6858974358974359,0.48717948717948717,1.3153846153846156,0.6086849246157301,0.7160790598290598,0.051282051282051266,0.1384615384615384,-0.08108588622554436,-0.030181623931623935
CYP2D6_Substrate_CarbonMangels,tuned_hgb_scaffold_quota,K50,50,50,135,39,21,0.5384615384615384,0.42,0.28888888888888886,1.453846153846154,50,0.02,0.5816974761248646,0.5275990383901857,0.6858974358974359,0.48717948717948717,1.3153846153846156,0.6086849246157301,0.7160790598290598,0.051282051282051266,0.1384615384615384,-0.08108588622554436,-0.030181623931623935
CYP2D6_Substrate_CarbonMangels,tuned_hgb_uncertainty_only_guard,K50,50,50,135,39,21,0.5384615384615384,0.42,0.28888888888888886,1.453846153846154,50,0.02,0.5816974761248646,0.5275990383901857,0.6858974358974359,0.48717948717948717,1.3153846153846156,0.6086849246157301,0.7160790598290598,0.051282051282051266,0.1384615384615384,-0.08108588622554436,-0.030181623931623935
CYP2D6_Substrate_CarbonMangels,tuned_rf_activity_only,K50,50,50,135,39,22,0.5641025641025641,0.44,0.28888888888888886,1.5230769230769232,43,0.06,0.5873117308191282,0.6086849246157301,0.7160790598290598,0.48717948717948717,1.3153846153846156,0.6086849246157301,0.7160790598290598,0.07692307692307693,0.20769230769230762,0.0,0.0
CYP2D6_Substrate_CarbonMangels,tuned_rf_ad_distance_guard,K50,50,50,135,39,19,0.48717948717948717,0.38,0.28888888888888886,1.3153846153846156,50,0.02,0.5707869178944991,0.5923711581367697,0.7107371794871794,0.48717948717948717,1.3153846153846156,0.6086849246157301,0.7160790598290598,0.0,0.0,-0.016313766478960434,-0.005341880341880434
CYP2D6_Substrate_CarbonMangels,tuned_rf_conformal_rejection_baseline,K50,50,50,135,39,19,0.48717948717948717,0.38,0.28888888888888886,1.3153846153846156,50,0.02,0.589087280193359,0.6086849246157301,0.7160790598290598,0.48717948717948717,1.3153846153846156,0.6086849246157301,0.7160790598290598,0.0,0.0,0.0,0.0
CYP2D6_Substrate_CarbonMangels,tuned_rf_scaffold_quota,K50,50,50,135,39,19,0.48717948717948717,0.38,0.28888888888888886,1.3153846153846156,50,0.02,0.589087280193359,0.6086849246157301,0.7160790598290598,0.48717948717948717,1.3153846153846156,0.6086849246157301,0.7160790598290598,0.0,0.0,0.0,0.0
CYP2D6_Substrate_CarbonMangels,tuned_rf_ucb_uncertainty_proxy,K50,50,50,135,39,20,0.5128205128205128,0.4,0.28888888888888886,1.3846153846153848,50,0.02,0.5898703489764278,0.6104643946647542,0.7158119658119658,0.48717948717948717,1.3153846153846156,0.6086849246157301,0.7160790598290598,0.025641025641025605,0.0692307692307692,0.0017794700490241233,-0.00026709401709401615
CYP2D6_Substrate_CarbonMangels,tuned_rf_uncertainty_only_guard,K50,50,50,135,39,19,0.48717948717948717,0.38,0.28888888888888886,1.3153846153846156,50,0.02,0.5874209139087754,0.6081270045800852,0.7120726495726496,0.48717948717948717,1.3153846153846156,0.6086849246157301,0.7160790598290598,0.0,0.0,-0.000557920035644921,-0.004006410256410242
CYP3A4_Substrate_CarbonMangels,random_fixed_seed,K50,50,50,135,75,31,0.41333333333333333,0.62,0.5555555555555556,1.1159999999999999,45,0.06,0.5550103282314599,0.5786682603699145,0.5213333333333333,0.4533333333333333,1.224,0.7052510044245837,0.6848888888888889,-0.03999999999999998,-0.1080000000000001,-0.12658274405466918,-0.16355555555555557
CYP3A4_Substrate_CarbonMangels,tuned_hgb_activity_only,K50,50,50,135,75,31,0.41333333333333333,0.62,0.5555555555555556,1.1159999999999999,46,0.06,0.5560007647771328,0.6874986034372269,0.648888888888889,0.4533333333333333,1.224,0.7052510044245837,0.6848888888888889,-0.03999999999999998,-0.1080000000000001,-0.017752400987356753,-0.03599999999999992
CYP3A4_Substrate_CarbonMangels,tuned_hgb_ad_distance_guard,K50,50,50,135,75,32,0.4266666666666667,0.64,0.5555555555555556,1.152,50,0.02,0.5494626302217861,0.6741391154636109,0.6435555555555557,0.4533333333333333,1.224,0.7052510044245837,0.6848888888888889,-0.026666666666666616,-0.07200000000000006,-0.031111888960972722,-0.04133333333333322
CYP3A4_Substrate_CarbonMangels,tuned_hgb_conformal_rejection_baseline,K50,50,50,135,75,32,0.4266666666666667,0.64,0.5555555555555556,1.152,50,0.02,0.5578166674888668,0.6874986034372269,0.648888888888889,0.4533333333333333,1.224,0.7052510044245837,0.6848888888888889,-0.026666666666666616,-0.07200000000000006,-0.017752400987356753,-0.03599999999999992
CYP3A4_Substrate_CarbonMangels,tuned_hgb_scaffold_quota,K50,50,50,135,75,32,0.4266666666666667,0.64,0.5555555555555556,1.152,50,0.02,0.5578166674888668,0.6874986034372269,0.648888888888889,0.4533333333333333,1.224,0.7052510044245837,0.6848888888888889,-0.026666666666666616,-0.07200000000000006,-0.017752400987356753,-0.03599999999999992
CYP3A4_Substrate_CarbonMangels,tuned_hgb_uncertainty_only_guard,K50,50,50,135,75,32,0.4266666666666667,0.64,0.5555555555555556,1.152,50,0.02,0.5578166674888668,0.6874986034372269,0.648888888888889,0.4533333333333333,1.224,0.7052510044245837,0.6848888888888889,-0.026666666666666616,-0.07200000000000006,-0.017752400987356753,-0.03599999999999992
CYP3A4_Substrate_CarbonMangels,tuned_rf_activity_only,K50,50,50,135,75,34,0.4533333333333333,0.68,0.5555555555555556,1.224,45,0.06,0.5312076401834764,0.7052510044245837,0.6848888888888889,0.4533333333333333,1.224,0.7052510044245837,0.6848888888888889,0.0,0.0,0.0,0.0
CYP3A4_Substrate_CarbonMangels,tuned_rf_ad_distance_guard,K50,50,50,135,75,36,0.48,0.72,0.5555555555555556,1.2959999999999998,50,0.02,0.5087855803946811,0.70244539077069,0.6802222222222222,0.4533333333333333,1.224,0.7052510044245837,0.6848888888888889,0.026666666666666672,0.07199999999999984,-0.002805613653893646,-0.004666666666666708
CYP3A4_Substrate_CarbonMangels,tuned_rf_conformal_rejection_baseline,K50,50,50,135,75,34,0.4533333333333333,0.68,0.5555555555555556,1.224,50,0.02,0.5301229514990433,0.7052510044245837,0.6848888888888889,0.4533333333333333,1.224,0.7052510044245837,0.6848888888888889,0.0,0.0,0.0,0.0
CYP3A4_Substrate_CarbonMangels,tuned_rf_scaffold_quota,K50,50,50,135,75,34,0.4533333333333333,0.68,0.5555555555555556,1.224,50,0.02,0.5301229514990433,0.7052510044245837,0.6848888888888889,0.4533333333333333,1.224,0.7052510044245837,0.6848888888888889,0.0,0.0,0.0,0.0
CYP3A4_Substrate_CarbonMangels,tuned_rf_ucb_uncertainty_proxy,K50,50,50,135,75,34,0.4533333333333333,0.68,0.5555555555555556,1.224,50,0.02,0.5343653757414676,0.709733774718275,0.6882222222222222,0.4533333333333333,1.224,0.7052510044245837,0.6848888888888889,0.0,0.0,0.004482770293691374,0.0033333333333332993
CYP3A4_Substrate_CarbonMangels,tuned_rf_uncertainty_only_guard,K50,50,50,135,75,34,0.4533333333333333,0.68,0.5555555555555556,1.224,50,0.02,0.529520249285088,0.7072644238664528,0.6902222222222222,0.4533333333333333,1.224,0.7052510044245837,0.6848888888888889,0.0,0.0,0.0020134194418691687,0.005333333333333301
Carcinogens_Lagunin,random_fixed_seed,K50,50,50,56,9,9,1.0,0.18,0.16071428571428573,1.1199999999999999,38,0.08,0.6410939188803826,0.3683136174078203,0.6619385342789599,1.0,1.1199999999999999,0.7800224466891134,0.9030732860520095,0.0,0.0,-0.41170882928129304,-0.24113475177304966
Carcinogens_Lagunin,tuned_hgb_activity_only,K50,50,50,56,9,9,1.0,0.18,0.16071428571428573,1.1199999999999999,38,0.08,0.646319202729069,0.7232348548138021,0.8510638297872339,1.0,1.1199999999999999,0.7800224466891134,0.9030732860520095,0.0,0.0,-0.05678759187531124,-0.0520094562647756
Carcinogens_Lagunin,tuned_hgb_ad_distance_guard,K50,50,50,56,9,9,1.0,0.18,0.16071428571428573,1.1199999999999999,43,0.08,0.6439849853392929,0.7292954608744082,0.8534278959810875,1.0,1.1199999999999999,0.7800224466891134,0.9030732860520095,0.0,0.0,-0.05072698581470514,-0.04964539007092206
Carcinogens_Lagunin,tuned_hgb_conformal_rejection_baseline,K50,50,50,56,9,9,1.0,0.18,0.16071428571428573,1.1199999999999999,43,0.08,0.6439849853392929,0.7232348548138021,0.8510638297872339,1.0,1.1199999999999999,0.7800224466891134,0.9030732860520095,0.0,0.0,-0.05678759187531124,-0.0520094562647756
Carcinogens_Lagunin,tuned_hgb_scaffold_quota,K50,50,50,56,9,9,1.0,0.18,0.16071428571428573,1.1199999999999999,43,0.08,0.6439849853392929,0.7232348548138021,0.8510638297872339,1.0,1.1199999999999999,0.7800224466891134,0.9030732860520095,0.0,0.0,-0.05678759187531124,-0.0520094562647756
Carcinogens_Lagunin,tuned_hgb_uncertainty_only_guard,K50,50,50,56,9,9,1.0,0.18,0.16071428571428573,1.1199999999999999,43,0.08,0.6439849853392929,0.7232348548138021,0.8510638297872339,1.0,1.1199999999999999,0.7800224466891134,0.9030732860520095,0.0,0.0,-0.05678759187531124,-0.0520094562647756
Carcinogens_Lagunin,tuned_rf_activity_only,K50,50,50,56,9,9,1.0,0.18,0.16071428571428573,1.1199999999999999,39,0.08,0.6508789596325432,0.7800224466891134,0.9030732860520095,1.0,1.1199999999999999,0.7800224466891134,0.9030732860520095,0.0,0.0,0.0,0.0
Carcinogens_Lagunin,tuned_rf_ad_distance_guard,K50,50,50,56,9,9,1.0,0.18,0.16071428571428573,1.1199999999999999,43,0.08,0.6461250046417751,0.7696276490394138,0.9007092198581561,1.0,1.1199999999999999,0.7800224466891134,0.9030732860520095,0.0,0.0,-0.010394797649699528,-0.0023640661938534313
Carcinogens_Lagunin,tuned_rf_conformal_rejection_baseline,K50,50,50,56,9,9,1.0,0.18,0.16071428571428573,1.1199999999999999,43,0.08,0.6489261268346708,0.7800224466891134,0.9030732860520095,1.0,1.1199999999999999,0.7800224466891134,0.9030732860520095,0.0,0.0,0.0,0.0
Carcinogens_Lagunin,tuned_rf_scaffold_quota,K50,50,50,56,9,9,1.0,0.18,0.16071428571428573,1.1199999999999999,43,0.08,0.6489261268346708,0.7800224466891134,0.9030732860520095,1.0,1.1199999999999999,0.7800224466891134,0.9030732860520095,0.0,0.0,0.0,0.0
Carcinogens_Lagunin,tuned_rf_ucb_uncertainty_proxy,K50,50,50,56,9,9,1.0,0.18,0.16071428571428573,1.1199999999999999,43,0.08,0.6473116639378871,0.7782908449575116,0.8983451536643027,1.0,1.1199999999999999,0.7800224466891134,0.9030732860520095,0.0,0.0,-0.0017316017316018062,-0.004728132387706863
Carcinogens_Lagunin,tuned_rf_uncertainty_only_guard,K50,50,50,56,9,9,1.0,0.18,0.16071428571428573,1.1199999999999999,43,0.08,0.6473116639378871,0.7727613517087201,0.8865248226950354,1.0,1.1199999999999999,0.7800224466891134,0.9030732860520095,0.0,0.0,-0.00726109498039329,-0.01654846335697413
ClinTox,random_fixed_seed,K50,50,50,297,32,6,0.1875,0.12,0.10774410774410774,1.11375,47,0.04,0.5599754081197313,0.13738676671795996,0.5661556603773585,0.53125,3.1556250000000006,0.3802361100332278,0.8278301886792453,-0.34375,-2.0418750000000006,-0.24284934331526786,-0.26167452830188676
ClinTox,tuned_hgb_activity_only,K50,50,50,297,32,21,0.65625,0.42,0.10774410774410774,3.898125,36,0.16,0.5716682874560847,0.43033663868881306,0.8268867924528301,0.53125,3.1556250000000006,0.3802361100332278,0.8278301886792453,0.125,0.7424999999999993,0.05010052865558523,-0.0009433962264151496
ClinTox,tuned_hgb_ad_distance_guard,K50,50,50,297,32,19,0.59375,0.38,0.10774410774410774,3.526875,50,0.02,0.568371635234286,0.4214315126023688,0.8232311320754717,0.53125,3.1556250000000006,0.3802361100332278,0.8278301886792453,0.0625,0.3712499999999994,0.04119540256914095,-0.004599056603773577
ClinTox,tuned_hgb_conformal_rejection_baseline,K50,50,50,297,32,8,0.25,0.16,0.10774410774410774,1.485,50,0.02,0.5355425650713521,0.22242982501668923,0.4069575471698113,0.53125,3.1556250000000006,0.3802361100332278,0.8278301886792453,-0.28125,-1.6706250000000005,-0.1578062850165386,-0.420872641509434
ClinTox,tuned_hgb_scaffold_quota,K50,50,50,297,32,19,0.59375,0.38,0.10774410774410774,3.526875,50,0.02,0.583807298861439,0.43033663868881306,0.8268867924528301,0.53125,3.1556250000000006,0.3802361100332278,0.8278301886792453,0.0625,0.3712499999999994,0.05010052865558523,-0.0009433962264151496
ClinTox,tuned_hgb_uncertainty_only_guard,K50,50,50,297,32,19,0.59375,0.38,0.10774410774410774,3.526875,50,0.02,0.583807298861439,0.43033663868881306,0.8268867924528301,0.53125,3.1556250000000006,0.3802361100332278,0.8278301886792453,0.0625,0.3712499999999994,0.05010052865558523,-0.0009433962264151496
ClinTox,tuned_rf_activity_only,K50,50,50,297,32,19,0.59375,0.38,0.10774410774410774,3.526875,36,0.14,0.58853977377926,0.3802361100332278,0.8278301886792453,0.53125,3.1556250000000006,0.3802361100332278,0.8278301886792453,0.0625,0.3712499999999994,0.0,0.0
ClinTox,tuned_rf_ad_distance_guard,K50,50,50,297,32,18,0.5625,0.36,0.10774410774410774,3.34125,50,0.02,0.5879232780853952,0.38263340099468623,0.8301886792452831,0.53125,3.1556250000000006,0.3802361100332278,0.8278301886792453,0.03125,0.18562499999999948,0.0023972909614584093,0.002358490566037763
ClinTox,tuned_rf_conformal_rejection_baseline,K50,50,50,297,32,8,0.25,0.16,0.10774410774410774,1.485,50,0.02,0.5097006685045283,0.1693970572107577,0.398938679245283,0.53125,3.1556250000000006,0.3802361100332278,0.8278301886792453,-0.28125,-1.6706250000000005,-0.21083905282247012,-0.4288915094339623
ClinTox,tuned_rf_scaffold_quota,K50,50,50,297,32,17,0.53125,0.34,0.10774410774410774,3.1556250000000006,50,0.02,0.6079869444055066,0.3802361100332278,0.8278301886792453,0.53125,3.1556250000000006,0.3802361100332278,0.8278301886792453,0.0,0.0,0.0,0.0
ClinTox,tuned_rf_ucb_uncertainty_proxy,K50,50,50,297,32,17,0.53125,0.34,0.10774410774410774,3.1556250000000006,50,0.02,0.6079869444055066,0.3786300419176275,0.8226415094339623,0.53125,3.1556250000000006,0.3802361100332278,0.8278301886792453,0.0,0.0,-0.0016060681156003231,-0.00518867924528299
ClinTox,tuned_rf_uncertainty_only_guard,K50,50,50,297,32,9,0.28125,0.18,0.10774410774410774,1.670625,50,0.02,0.5418923400148374,0.2755723008205012,0.6648584905660377,0.53125,3.1556250000000006,0.3802361100332278,0.8278301886792453,-0.25,-1.4850000000000005,-0.10466380921272661,-0.16297169811320755
DILI,random_fixed_seed,K50,50,50,96,63,32,0.5079365079365079,0.64,0.65625,0.9752380952380952,45,0.06,0.6134148154694449,0.6602889091276929,0.4516594516594517,0.6666666666666666,1.28,0.9202925405220783,0.8412698412698413,-0.15873015873015872,-0.3047619047619048,-0.2600036313943854,-0.3896103896103896
DILI,tuned_hgb_activity_only,K50,50,50,96,63,45,0.7142857142857143,0.9,0.65625,1.3714285714285714,46,0.06,0.6215006583704797,0.8912855770255845,0.8095238095238095,0.6666666666666666,1.28,0.9202925405220783,0.8412698412698413,0.04761904761904767,0.09142857142857141,-0.029006963496493787,-0.031746031746031744
DILI,tuned_hgb_ad_distance_guard,K50,50,50,96,63,42,0.6666666666666666,0.84,0.65625,1.28,50,0.02,0.6346306339169002,0.9005682705565505,0.8128908128908128,0.6666666666666666,1.28,0.9202925405220783,0.8412698412698413,0.0,0.0,-0.019724269965527785,-0.028379028379028504
DILI,tuned_hgb_conformal_rejection_baseline,K50,50,50,96,63,42,0.6666666666666666,0.84,0.65625,1.28,50,0.02,0.6361381038254836,0.8912855770255845,0.8095238095238095,0.6666666666666666,1.28,0.9202925405220783,0.8412698412698413,0.0,0.0,-0.029006963496493787,-0.031746031746031744
DILI,tuned_hgb_scaffold_quota,K50,50,50,96,63,42,0.6666666666666666,0.84,0.65625,1.28,50,0.02,0.6361381038254836,0.8912855770255845,0.8095238095238095,0.6666666666666666,1.28,0.9202925405220783,0.8412698412698413,0.0,0.0,-0.029006963496493787,-0.031746031746031744
DILI,tuned_hgb_uncertainty_only_guard,K50,50,50,96,63,42,0.6666666666666666,0.84,0.65625,1.28,50,0.02,0.6361381038254836,0.8912855770255845,0.8095238095238095,0.6666666666666666,1.28,0.9202925405220783,0.8412698412698413,0.0,0.0,-0.029006963496493787,-0.031746031746031744
DILI,tuned_rf_activity_only,K50,50,50,96,63,45,0.7142857142857143,0.9,0.65625,1.3714285714285714,46,0.06,0.6205196788261363,0.9202925405220783,0.8412698412698413,0.6666666666666666,1.28,0.9202925405220783,0.8412698412698413,0.04761904761904767,0.09142857142857141,0.0,0.0
DILI,tuned_rf_ad_distance_guard,K50,50,50,96,63,41,0.6507936507936508,0.82,0.65625,1.2495238095238095,50,0.02,0.6321769874791631,0.9201115102638642,0.8345358345358345,0.6666666666666666,1.28,0.9202925405220783,0.8412698412698413,-0.015873015873015817,-0.030476190476190546,-0.0001810302582141432,-0.006734006734006814
DILI,tuned_rf_conformal_rejection_baseline,K50,50,50,96,63,42,0.6666666666666666,0.84,0.65625,1.28,50,0.02,0.6402829816916475,0.9202925405220783,0.8412698412698413,0.6666666666666666,1.28,0.9202925405220783,0.8412698412698413,0.0,0.0,0.0,0.0
DILI,tuned_rf_scaffold_quota,K50,50,50,96,63,42,0.6666666666666666,0.84,0.65625,1.28,50,0.02,0.6402829816916475,0.9202925405220783,0.8412698412698413,0.6666666666666666,1.28,0.9202925405220783,0.8412698412698413,0.0,0.0,0.0,0.0
DILI,tuned_rf_ucb_uncertainty_proxy,K50,50,50,96,63,42,0.6666666666666666,0.84,0.65625,1.28,50,0.02,0.6382244451062817,0.9184979525271442,0.8383838383838383,0.6666666666666666,1.28,0.9202925405220783,0.8412698412698413,0.0,0.0,-0.0017945879949341492,-0.0028860028860029363
DILI,tuned_rf_uncertainty_only_guard,K50,50,50,96,63,42,0.6666666666666666,0.84,0.65625,1.28,50,0.02,0.6382244451062816,0.9137714174932197,0.8292448292448292,0.6666666666666666,1.28,0.9202925405220783,0.8412698412698413,0.0,0.0,-0.006521123028858655,-0.01202501202501205
Skin Reaction,random_fixed_seed,K50,50,50,82,50,30,0.6,0.6,0.6097560975609756,0.984,42,0.08,0.6673905066760909,0.5795221670459679,0.474375,0.6,0.984,0.820625914674521,0.730625,0.0,0.0,-0.24110374762855302,-0.25625
Skin Reaction,tuned_hgb_activity_only,K50,50,50,82,50,39,0.78,0.78,0.6097560975609756,1.2792000000000001,41,0.12,0.6796237816535462,0.8296854930627013,0.7718750000000001,0.6,0.984,0.820625914674521,0.730625,0.18000000000000005,0.29520000000000013,0.00905957838818039,0.04125000000000012
Skin Reaction,tuned_hgb_ad_distance_guard,K50,50,50,82,50,32,0.64,0.64,0.6097560975609756,1.0496,50,0.02,0.6613183887542506,0.808689234262721,0.7725000000000001,0.6,0.984,0.820625914674521,0.730625,0.040000000000000036,0.0656000000000001,-0.01193668041179996,0.04187500000000011
Skin Reaction,tuned_hgb_conformal_rejection_baseline,K50,50,50,82,50,32,0.64,0.64,0.6097560975609756,1.0496,50,0.02,0.6727181001539619,0.8296854930627013,0.7718750000000001,0.6,0.984,0.820625914674521,0.730625,0.040000000000000036,0.0656000000000001,0.00905957838818039,0.04125000000000012
Skin Reaction,tuned_hgb_scaffold_quota,K50,50,50,82,50,32,0.64,0.64,0.6097560975609756,1.0496,50,0.02,0.6727181001539619,0.8296854930627013,0.7718750000000001,0.6,0.984,0.820625914674521,0.730625,0.040000000000000036,0.0656000000000001,0.00905957838818039,0.04125000000000012
Skin Reaction,tuned_hgb_uncertainty_only_guard,K50,50,50,82,50,32,0.64,0.64,0.6097560975609756,1.0496,50,0.02,0.6727181001539619,0.8296854930627013,0.7718750000000001,0.6,0.984,0.820625914674521,0.730625,0.040000000000000036,0.0656000000000001,0.00905957838818039,0.04125000000000012
Skin Reaction,tuned_rf_activity_only,K50,50,50,82,50,37,0.74,0.74,0.6097560975609756,1.2136,36,0.12,0.664549640143114,0.820625914674521,0.730625,0.6,0.984,0.820625914674521,0.730625,0.14,0.22960000000000003,0.0,0.0
Skin Reaction,tuned_rf_ad_distance_guard,K50,50,50,82,50,31,0.62,0.62,0.6097560975609756,1.0168,50,0.02,0.6787864935228382,0.8158447358253268,0.715625,0.6,0.984,0.820625914674521,0.730625,0.020000000000000018,0.03279999999999994,-0.0047811788491941565,-0.015000000000000013
Skin Reaction,tuned_rf_conformal_rejection_baseline,K50,50,50,82,50,30,0.6,0.6,0.6097560975609756,0.984,50,0.02,0.681300779237124,0.820625914674521,0.730625,0.6,0.984,0.820625914674521,0.730625,0.0,0.0,0.0,0.0
Skin Reaction,tuned_rf_scaffold_quota,K50,50,50,82,50,30,0.6,0.6,0.6097560975609756,0.984,50,0.02,0.681300779237124,0.820625914674521,0.730625,0.6,0.984,0.820625914674521,0.730625,0.0,0.0,0.0,0.0
Skin Reaction,tuned_rf_ucb_uncertainty_proxy,K50,50,50,82,50,30,0.6,0.6,0.6097560975609756,0.984,50,0.02,0.681300779237124,0.8203812356063125,0.7296874999999999,0.6,0.984,0.820625914674521,0.730625,0.0,0.0,-0.0002446790682084643,-0.0009375000000000355
Skin Reaction,tuned_rf_uncertainty_only_guard,K50,50,50,82,50,30,0.6,0.6,0.6097560975609756,0.984,50,0.02,0.681300779237124,0.8199604880753306,0.7290625,0.6,0.984,0.820625914674521,0.730625,0.0,0.0,-0.000665426599190333,-0.0015625000000000222
hERG,random_fixed_seed,K50,50,50,132,83,35,0.42168674698795183,0.7,0.6287878787878788,1.1132530120481927,41,0.1,0.5881993988922714,0.723604868549705,0.6174084091467912,0.5180722891566265,1.367710843373494,0.8934959636577492,0.866978116547824,-0.09638554216867468,-0.2544578313253012,-0.16989109510804423,-0.2495697074010328
hERG,tuned_hgb_activity_only,K50,50,50,132,83,45,0.5421686746987951,0.9,0.6287878787878788,1.4313253012048193,31,0.16,0.5696009183490119,0.871599495048289,0.8529628718957464,0.5180722891566265,1.367710843373494,0.8934959636577492,0.866978116547824,0.02409638554216864,0.06361445783132536,-0.02189646860946015,-0.014015244652077596
hERG,tuned_hgb_ad_distance_guard,K50,50,50,132,83,42,0.5060240963855421,0.84,0.6287878787878788,1.3359036144578313,50,0.02,0.5552871412587994,0.8939138484176548,0.8544381608064913,0.5180722891566265,1.367710843373494,0.8934959636577492,0.866978116547824,-0.012048192771084376,-0.031807228915662566,0.0004178847599055624,-0.012539955741332709
hERG,tuned_hgb_conformal_rejection_baseline,K50,50,50,132,83,42,0.5060240963855421,0.84,0.6287878787878788,1.3359036144578313,50,0.02,0.5593982523699106,0.871599495048289,0.8529628718957464,0.5180722891566265,1.367710843373494,0.8934959636577492,0.866978116547824,-0.012048192771084376,-0.031807228915662566,-0.02189646860946015,-0.014015244652077596
hERG,tuned_hgb_scaffold_quota,K50,50,50,132,83,42,0.5060240963855421,0.84,0.6287878787878788,1.3359036144578313,50,0.02,0.5593982523699106,0.871599495048289,0.8529628718957464,0.5180722891566265,1.367710843373494,0.8934959636577492,0.866978116547824,-0.012048192771084376,-0.031807228915662566,-0.02189646860946015,-0.014015244652077596
hERG,tuned_hgb_uncertainty_only_guard,K50,50,50,132,83,42,0.5060240963855421,0.84,0.6287878787878788,1.3359036144578313,50,0.02,0.5593982523699106,0.871599495048289,0.8529628718957464,0.5180722891566265,1.367710843373494,0.8934959636577492,0.866978116547824,-0.012048192771084376,-0.031807228915662566,-0.02189646860946015,-0.014015244652077596
hERG,tuned_rf_activity_only,K50,50,50,132,83,46,0.5542168674698795,0.92,0.6287878787878788,1.463132530120482,32,0.12,0.5489079710839169,0.8934959636577492,0.866978116547824,0.5180722891566265,1.367710843373494,0.8934959636577492,0.866978116547824,0.03614457831325302,0.09542168674698814,0.0,0.0
hERG,tuned_rf_ad_distance_guard,K50,50,50,132,83,43,0.5180722891566265,0.86,0.6287878787878788,1.367710843373494,50,0.02,0.5586868682080953,0.8979962763742223,0.8723875092205556,0.5180722891566265,1.367710843373494,0.8934959636577492,0.866978116547824,0.0,0.0,0.004500312716473109,0.005409392672731661
hERG,tuned_rf_conformal_rejection_baseline,K50,50,50,132,83,43,0.5180722891566265,0.86,0.6287878787878788,1.367710843373494,50,0.02,0.5677150813742395,0.8934959636577492,0.866978116547824,0.5180722891566265,1.367710843373494,0.8934959636577492,0.866978116547824,0.0,0.0,0.0,0.0
hERG,tuned_rf_scaffold_quota,K50,50,50,132,83,43,0.5180722891566265,0.86,0.6287878787878788,1.367710843373494,50,0.02,0.5677150813742395,0.8934959636577492,0.866978116547824,0.5180722891566265,1.367710843373494,0.8934959636577492,0.866978116547824,0.0,0.0,0.0,0.0
hERG,tuned_rf_ucb_uncertainty_proxy,K50,50,50,132,83,43,0.5180722891566265,0.86,0.6287878787878788,1.367710843373494,50,0.02,0.5680275813742395,0.8917107381933363,0.8659945906073273,0.5180722891566265,1.367710843373494,0.8934959636577492,0.866978116547824,0.0,0.0,-0.001785225464412843,-0.0009835259404966656
hERG,tuned_rf_uncertainty_only_guard,K50,50,50,132,83,43,0.5180722891566265,0.86,0.6287878787878788,1.367710843373494,50,0.02,0.5680275813742395,0.8933464266967875,0.8659945906073273,0.5180722891566265,1.367710843373494,0.8934959636577492,0.866978116547824,0.0,0.0,-0.00014953696096164926,-0.0009835259404966656
hERG_Karim,random_fixed_seed,K50,50,50,2690,1308,18,0.013761467889908258,0.36,0.4862453531598513,0.7403669724770642,47,0.06,0.30923539971782765,0.47325232956715924,0.4766935744411548,0.03746177370030581,2.0154434250764526,0.8529397319380165,0.8493413569838509,-0.023700305810397553,-1.2750764525993885,-0.3796874023708573,-0.37264778254269615
hERG_Karim,tuned_hgb_activity_only,K50,50,50,2690,1308,50,0.0382262996941896,1.0,0.4862453531598513,2.0565749235474007,19,0.28,0.20083230297655594,0.8593051772620538,0.8547489124036874,0.03746177370030581,2.0154434250764526,0.8529397319380165,0.8493413569838509,0.0007645259938837898,0.0411314984709481,0.006365445324037267,0.005407555419836507
hERG_Karim,tuned_hgb_ad_distance_guard,K50,50,50,2690,1308,50,0.0382262996941896,1.0,0.4862453531598513,2.0565749235474007,50,0.02,0.12856580883221505,0.8665348663491763,0.8564760109224321,0.03746177370030581,2.0154434250764526,0.8529397319380165,0.8493413569838509,0.0007645259938837898,0.0411314984709481,0.013595134411159782,0.007134653938581148
hERG_Karim,tuned_hgb_conformal_rejection_baseline,K50,50,50,2690,1308,49,0.03746177370030581,0.98,0.4862453531598513,2.0154434250764526,50,0.02,0.23565911215922483,0.8593051772620538,0.8547489124036874,0.03746177370030581,2.0154434250764526,0.8529397319380165,0.8493413569838509,0.0,0.0,0.006365445324037267,0.005407555419836507
hERG_Karim,tuned_hgb_scaffold_quota,K50,50,50,2690,1308,49,0.03746177370030581,0.98,0.4862453531598513,2.0154434250764526,50,0.02,0.23565911215922483,0.8593051772620538,0.8547489124036874,0.03746177370030581,2.0154434250764526,0.8529397319380165,0.8493413569838509,0.0,0.0,0.006365445324037267,0.005407555419836507
hERG_Karim,tuned_hgb_uncertainty_only_guard,K50,50,50,2690,1308,49,0.03746177370030581,0.98,0.4862453531598513,2.0154434250764526,50,0.02,0.23565911215922483,0.8593051772620538,0.8547489124036874,0.03746177370030581,2.0154434250764526,0.8529397319380165,0.8493413569838509,0.0,0.0,0.006365445324037267,0.005407555419836507
hERG_Karim,tuned_rf_activity_only,K50,50,50,2690,1308,50,0.0382262996941896,1.0,0.4862453531598513,2.0565749235474007,21,0.24,0.19095375660111893,0.8529397319380165,0.8493413569838509,0.03746177370030581,2.0154434250764526,0.8529397319380165,0.8493413569838509,0.0007645259938837898,0.0411314984709481,0.0,0.0
hERG_Karim,tuned_rf_ad_distance_guard,K50,50,50,2690,1308,49,0.03746177370030581,0.98,0.4862453531598513,2.0154434250764526,50,0.02,0.135224685906345,0.855308586132731,0.8501589904273822,0.03746177370030581,2.0154434250764526,0.8529397319380165,0.8493413569838509,0.0,0.0,0.0023688541947144426,0.0008176334435312516
hERG_Karim,tuned_rf_conformal_rejection_baseline,K50,50,50,2690,1308,49,0.03746177370030581,0.98,0.4862453531598513,2.0154434250764526,50,0.02,0.1807059323704444,0.8529397319380165,0.8493413569838509,0.03746177370030581,2.0154434250764526,0.8529397319380165,0.8493413569838509,0.0,0.0,0.0,0.0
hERG_Karim,tuned_rf_scaffold_quota,K50,50,50,2690,1308,49,0.03746177370030581,0.98,0.4862453531598513,2.0154434250764526,50,0.02,0.1807059323704444,0.8529397319380165,0.8493413569838509,0.03746177370030581,2.0154434250764526,0.8529397319380165,0.8493413569838509,0.0,0.0,0.0,0.0
hERG_Karim,tuned_rf_ucb_uncertainty_proxy,K50,50,50,2690,1308,49,0.03746177370030581,0.98,0.4862453531598513,2.0154434250764526,50,0.02,0.17600412619296837,0.8527013589518244,0.8491510552892808,0.03746177370030581,2.0154434250764526,0.8529397319380165,0.8493413569838509,0.0,0.0,-0.00023837298619211467,-0.00019030169457012747
hERG_Karim,tuned_rf_uncertainty_only_guard,K50,50,50,2690,1308,49,0.03746177370030581,0.98,0.4862453531598513,2.0154434250764526,50,0.02,0.1760698796176259,0.8519183554719112,0.8475561721920541,0.03746177370030581,2.0154434250764526,0.8529397319380165,0.8493413569838509,0.0,0.0,-0.0010213764661053393,-0.00178518479179679
