task_name,method,risk_method,rejection_fraction,rejected_count,kept_count,kept_positive_fraction,baseline_positive_fraction,kept_mean_risk,baseline_mean_risk,reliability_delta_vs_no_rejection
hERG,mr8c_audit_card_acquisition,audit_card,0.0,0,50,0.84,0.84,0.44832202422089495,0.44832202422089495,0.0
hERG,mr8c_audit_card_acquisition,audit_card,0.1,5,45,0.8666666666666667,0.84,0.42071421717609425,0.44832202422089495,0.05427447371146743
hERG,mr8c_audit_card_acquisition,audit_card,0.2,10,40,0.875,0.84,0.4047836809799176,0.44832202422089495,0.07853834324097736
hERG,mr8c_audit_card_acquisition,audit_card,0.3,15,35,0.8857142857142857,0.84,0.38785288648396177,0.44832202422089495,0.1061834234512189
hERG,mr8c_audit_card_acquisition,audit_card,0.4,20,30,0.9,0.84,0.3693472905139953,0.44832202422089495,0.13897473370689972
hERG,mr8c_audit_card_acquisition,ad_distance,0.0,0,50,0.84,0.84,0.5591240045309906,0.5591240045309906,0.0
hERG,mr8c_audit_card_acquisition,ad_distance,0.1,5,45,0.8444444444444444,0.84,0.5385647098542757,0.5591240045309906,0.025003739121159385
hERG,mr8c_audit_card_acquisition,ad_distance,0.2,10,40,0.875,0.84,0.5164397146092263,0.5591240045309906,0.07768428992176435
hERG,mr8c_audit_card_acquisition,ad_distance,0.3,15,35,0.9142857142857143,0.84,0.49122748429889,0.5591240045309906,0.14218223451781492
hERG,mr8c_audit_card_acquisition,ad_distance,0.4,20,30,0.9,0.84,0.4635907358726728,0.5591240045309906,0.1555332686583179
hERG,mr8c_audit_card_acquisition,uncertainty_only,0.0,0,50,0.84,0.84,0.5264650352691413,0.5264650352691413,0.0
hERG,mr8c_audit_card_acquisition,uncertainty_only,0.1,5,45,0.8222222222222222,0.84,0.49861768042494437,0.5264650352691413,0.0100695770664192
hERG,mr8c_audit_card_acquisition,uncertainty_only,0.2,10,40,0.85,0.84,0.47293728299187326,0.5264650352691413,0.06352775227726809
hERG,mr8c_audit_card_acquisition,uncertainty_only,0.3,15,35,0.8571428571428571,0.84,0.4467876026419356,0.5264650352691413,0.09682028977006285
hERG,mr8c_audit_card_acquisition,uncertainty_only,0.4,20,30,0.8666666666666667,0.84,0.4179960014405939,0.5264650352691413,0.13513570049521417
hERG,mr8c_audit_card_acquisition,conformal_only,0.0,0,50,0.84,0.84,0.37099963364663735,0.37099963364663735,0.0
hERG,mr8c_audit_card_acquisition,conformal_only,0.1,5,45,0.8222222222222222,0.84,0.3513756173243694,0.37099963364663735,0.0018462385444901752
hERG,mr8c_audit_card_acquisition,conformal_only,0.2,10,40,0.85,0.84,0.33327865475077934,0.37099963364663735,0.047720978895858024
hERG,mr8c_audit_card_acquisition,conformal_only,0.3,15,35,0.8571428571428571,0.84,0.31485098875232637,0.37099963364663735,0.07329150203716811
hERG,mr8c_audit_card_acquisition,conformal_only,0.4,20,30,0.8666666666666667,0.84,0.2945615625184699,0.37099963364663735,0.1031047377948342
AMES,mr8c_audit_card_acquisition,audit_card,0.0,0,50,0.96,0.96,0.19392930851688078,0.1939293085168808,2.7755575615628914e-17
AMES,mr8c_audit_card_acquisition,audit_card,0.1,5,45,0.9555555555555556,0.96,0.17989832962121582,0.1939293085168808,0.009586534451220624
AMES,mr8c_audit_card_acquisition,audit_card,0.2,10,40,0.95,0.96,0.17008870739971185,0.1939293085168808,0.01384060111716895
AMES,mr8c_audit_card_acquisition,audit_card,0.3,15,35,0.9428571428571428,0.96,0.16102520349747565,0.1939293085168808,0.015761247876548035
AMES,mr8c_audit_card_acquisition,audit_card,0.4,20,30,0.9333333333333333,0.96,0.1518288678286615,0.1939293085168808,0.015433774021552688
AMES,mr8c_audit_card_acquisition,ad_distance,0.0,0,50,0.96,0.96,0.28871562037746634,0.28871562037746634,0.0
AMES,mr8c_audit_card_acquisition,ad_distance,0.1,5,45,0.9555555555555556,0.96,0.2668827678863515,0.28871562037746634,0.017388408046670467
AMES,mr8c_audit_card_acquisition,ad_distance,0.2,10,40,0.95,0.96,0.2481738138144372,0.28871562037746634,0.030541806563029128
AMES,mr8c_audit_card_acquisition,ad_distance,0.3,15,35,0.9428571428571428,0.96,0.2306096240606591,0.28871562037746634,0.040963139173950114
AMES,mr8c_audit_card_acquisition,ad_distance,0.4,20,30,0.9333333333333333,0.96,0.2127207236057469,0.28871562037746634,0.04932823010505283
AMES,mr8c_audit_card_acquisition,uncertainty_only,0.0,0,50,0.96,0.96,0.16946133941721425,0.16946133941721425,0.0
AMES,mr8c_audit_card_acquisition,uncertainty_only,0.1,5,45,0.9777777777777777,0.96,0.15445195331132291,0.16946133941721425,0.03278716388366912
AMES,mr8c_audit_card_acquisition,uncertainty_only,0.2,10,40,0.975,0.96,0.1412818922301286,0.16946133941721425,0.04317944718708566
AMES,mr8c_audit_card_acquisition,uncertainty_only,0.3,15,35,1.0,0.96,0.12867433519944513,0.16946133941721425,0.08078700421776916
AMES,mr8c_audit_card_acquisition,uncertainty_only,0.4,20,30,1.0,0.96,0.11774482281426336,0.16946133941721425,0.09171651660295092
AMES,mr8c_audit_card_acquisition,conformal_only,0.0,0,50,0.96,0.96,0.13641944492717356,0.1364194449271736,2.7755575615628914e-17
AMES,mr8c_audit_card_acquisition,conformal_only,0.1,5,45,0.9777777777777777,0.96,0.12433661749110456,0.1364194449271736,0.029860605213846814
AMES,mr8c_audit_card_acquisition,conformal_only,0.2,10,40,0.975,0.96,0.11373447998568724,0.1364194449271736,0.03768496494148636
AMES,mr8c_audit_card_acquisition,conformal_only,0.3,15,35,1.0,0.96,0.10358516842041579,0.1364194449271736,0.07283427650675783
AMES,mr8c_audit_card_acquisition,conformal_only,0.4,20,30,1.0,0.96,0.09478671316189616,0.1364194449271736,0.08163273176527747
DILI,mr8c_audit_card_acquisition,audit_card,0.0,0,50,0.8,0.8,0.557623381713177,0.557623381713177,0.0
DILI,mr8c_audit_card_acquisition,audit_card,0.1,5,45,0.8222222222222222,0.8,0.5393451773314026,0.557623381713177,0.04050042660399655
DILI,mr8c_audit_card_acquisition,audit_card,0.2,10,40,0.825,0.8,0.5243308661034818,0.557623381713177,0.05829251560969517
DILI,mr8c_audit_card_acquisition,audit_card,0.3,15,35,0.8285714285714286,0.8,0.508697416285444,0.557623381713177,0.07749739399916167
DILI,mr8c_audit_card_acquisition,audit_card,0.4,20,30,0.8333333333333334,0.8,0.49209082407095495,0.557623381713177,0.09886589097555543
DILI,mr8c_audit_card_acquisition,ad_distance,0.0,0,50,0.8,0.8,0.6255533214205563,0.6255533214205563,0.0
DILI,mr8c_audit_card_acquisition,ad_distance,0.1,5,45,0.8222222222222222,0.8,0.6089173708428296,0.6255533214205563,0.038858172799948854
DILI,mr8c_audit_card_acquisition,ad_distance,0.2,10,40,0.825,0.8,0.591485109369725,0.6255533214205563,0.05906821205083124
DILI,mr8c_audit_card_acquisition,ad_distance,0.3,15,35,0.8,0.8,0.5711010485941805,0.6255533214205563,0.05445227282637577
DILI,mr8c_audit_card_acquisition,ad_distance,0.4,20,30,0.8,0.8,0.5471285849722823,0.6255533214205563,0.07842473644827397
DILI,mr8c_audit_card_acquisition,uncertainty_only,0.0,0,50,0.8,0.8,0.7558109156562699,0.7558109156562698,-1.1102230246251565e-16
DILI,mr8c_audit_card_acquisition,uncertainty_only,0.1,5,45,0.8444444444444444,0.8,0.7298988828780735,0.7558109156562698,0.07035647722264071
DILI,mr8c_audit_card_acquisition,uncertainty_only,0.2,10,40,0.875,0.8,0.7001583532906676,0.7558109156562698,0.1306525623656022
DILI,mr8c_audit_card_acquisition,uncertainty_only,0.3,15,35,0.9142857142857143,0.8,0.6666300499856934,0.7558109156562698,0.20346657995629058
DILI,mr8c_audit_card_acquisition,uncertainty_only,0.4,20,30,0.9666666666666667,0.8,0.6309686745908138,0.7558109156562698,0.29150890773212257
DILI,mr8c_audit_card_acquisition,conformal_only,0.0,0,50,0.8,0.8,0.7117165815985925,0.7117165815985923,-2.220446049250313e-16
DILI,mr8c_audit_card_acquisition,conformal_only,0.1,5,45,0.8444444444444444,0.8,0.6873162679630644,0.7117165815985923,0.06884475807997226
DILI,mr8c_audit_card_acquisition,conformal_only,0.2,10,40,0.875,0.8,0.6593108136696435,0.7117165815985923,0.12740576792894875
DILI,mr8c_audit_card_acquisition,conformal_only,0.3,15,35,0.9142857142857143,0.8,0.6277385660072808,0.7117165815985923,0.19826372987702567
DILI,mr8c_audit_card_acquisition,conformal_only,0.4,20,30,0.9666666666666667,0.8,0.5941576905986348,0.7117165815985923,0.28422555766662416
hERG_Karim,mr8c_audit_card_acquisition,audit_card,0.0,0,50,0.98,0.98,0.11564695790453693,0.11564695790453694,1.3877787807814457e-17
hERG_Karim,mr8c_audit_card_acquisition,audit_card,0.1,5,45,0.9777777777777777,0.98,0.1037585668058255,0.11564695790453694,0.009666168876489203
hERG_Karim,mr8c_audit_card_acquisition,audit_card,0.2,10,40,1.0,0.98,0.09734929507170745,0.11564695790453694,0.03829766283282951
hERG_Karim,mr8c_audit_card_acquisition,audit_card,0.3,15,35,1.0,0.98,0.09159700813845208,0.11564695790453694,0.04404994976608488
hERG_Karim,mr8c_audit_card_acquisition,audit_card,0.4,20,30,1.0,0.98,0.08505327333113402,0.11564695790453694,0.050593684573402936
hERG_Karim,mr8c_audit_card_acquisition,ad_distance,0.0,0,50,0.98,0.98,0.15505052790045118,0.15505052790045115,-2.7755575615628914e-17
hERG_Karim,mr8c_audit_card_acquisition,ad_distance,0.1,5,45,1.0,0.98,0.14159683595409653,0.15505052790045115,0.03345369194635464
hERG_Karim,mr8c_audit_card_acquisition,ad_distance,0.2,10,40,1.0,0.98,0.12998516611249408,0.15505052790045115,0.04506536178795709
hERG_Karim,mr8c_audit_card_acquisition,ad_distance,0.3,15,35,1.0,0.98,0.11915104767316514,0.15505052790045115,0.055899480227286025
hERG_Karim,mr8c_audit_card_acquisition,ad_distance,0.4,20,30,1.0,0.98,0.10703551190284566,0.15505052790045115,0.06801501599760551
hERG_Karim,mr8c_audit_card_acquisition,uncertainty_only,0.0,0,50,0.98,0.98,0.10251505002601304,0.10251505002601302,-1.3877787807814457e-17
hERG_Karim,mr8c_audit_card_acquisition,uncertainty_only,0.1,5,45,0.9777777777777777,0.98,0.09243970524240427,0.10251505002601302,0.00785312256138651
hERG_Karim,mr8c_audit_card_acquisition,uncertainty_only,0.2,10,40,0.975,0.98,0.08485295556894898,0.10251505002601302,0.012662094457064038
hERG_Karim,mr8c_audit_card_acquisition,uncertainty_only,0.3,15,35,1.0,0.98,0.07771845679442677,0.10251505002601302,0.044796593231586274
hERG_Karim,mr8c_audit_card_acquisition,uncertainty_only,0.4,20,30,1.0,0.98,0.06937027184007771,0.10251505002601302,0.053144778185935326
hERG_Karim,mr8c_audit_card_acquisition,conformal_only,0.0,0,50,0.98,0.98,0.08245457842830622,0.08245457842830625,2.7755575615628914e-17
hERG_Karim,mr8c_audit_card_acquisition,conformal_only,0.1,5,45,0.9777777777777777,0.98,0.07435080921157669,0.08245457842830625,0.005881546994507325
hERG_Karim,mr8c_audit_card_acquisition,conformal_only,0.2,10,40,0.975,0.98,0.06824865888528693,0.08245457842830625,0.009205919543019317
hERG_Karim,mr8c_audit_card_acquisition,conformal_only,0.3,15,35,1.0,0.98,0.06251026156117478,0.08245457842830625,0.039944316867131485
hERG_Karim,mr8c_audit_card_acquisition,conformal_only,0.4,20,30,1.0,0.98,0.055795676035657174,0.08245457842830625,0.046658902392649096
ClinTox,mr8c_audit_card_acquisition,audit_card,0.0,0,50,0.34,0.34,0.4239689404152389,0.42396894041523886,-5.551115123125783e-17
ClinTox,mr8c_audit_card_acquisition,audit_card,0.1,5,45,0.3333333333333333,0.34,0.40636019741837104,0.42396894041523886,0.010942076330201111
ClinTox,mr8c_audit_card_acquisition,audit_card,0.2,10,40,0.275,0.34,0.388841800065636,0.42396894041523886,-0.029872859650397154
ClinTox,mr8c_audit_card_acquisition,audit_card,0.3,15,35,0.22857142857142856,0.34,0.37071559099237766,0.42396894041523886,-0.058175222005710264
ClinTox,mr8c_audit_card_acquisition,audit_card,0.4,20,30,0.23333333333333334,0.34,0.35258811222183345,0.42396894041523886,-0.03528583847326128
ClinTox,mr8c_audit_card_acquisition,ad_distance,0.0,0,50,0.34,0.34,0.508492477985447,0.508492477985447,0.0
ClinTox,mr8c_audit_card_acquisition,ad_distance,0.1,5,45,0.28888888888888886,0.34,0.4842746816557584,0.508492477985447,-0.026893314781422595
ClinTox,mr8c_audit_card_acquisition,ad_distance,0.2,10,40,0.275,0.34,0.45658197604640155,0.508492477985447,-0.013089498060954607
ClinTox,mr8c_audit_card_acquisition,ad_distance,0.3,15,35,0.2571428571428571,0.34,0.42591234003124573,0.508492477985447,-0.000277004902941691
ClinTox,mr8c_audit_card_acquisition,ad_distance,0.4,20,30,0.26666666666666666,0.34,0.3954666735916787,0.508492477985447,0.039692471060434886
ClinTox,mr8c_audit_card_acquisition,uncertainty_only,0.0,0,50,0.34,0.34,0.43840217347390165,0.4384021734739016,-5.551115123125783e-17
ClinTox,mr8c_audit_card_acquisition,uncertainty_only,0.1,5,45,0.3333333333333333,0.34,0.4000514140720889,0.4384021734739016,0.031684092735146
ClinTox,mr8c_audit_card_acquisition,uncertainty_only,0.2,10,40,0.275,0.34,0.3692599279626824,0.4384021734739016,0.004142245511219167
ClinTox,mr8c_audit_card_acquisition,uncertainty_only,0.3,15,35,0.2857142857142857,0.34,0.3454549740773771,0.4384021734739016,0.03866148511081019
ClinTox,mr8c_audit_card_acquisition,uncertainty_only,0.4,20,30,0.23333333333333334,0.34,0.327463630613931,0.4384021734739016,0.004271876193303881
ClinTox,mr8c_audit_card_acquisition,conformal_only,0.0,0,50,0.34,0.34,0.8154678195331236,0.8154678195331236,0.0
ClinTox,mr8c_audit_card_acquisition,conformal_only,0.1,5,45,0.3333333333333333,0.34,0.7949642439256929,0.8154678195331236,0.013836908940764059
ClinTox,mr8c_audit_card_acquisition,conformal_only,0.2,10,40,0.3,0.34,0.7693347744164044,0.8154678195331236,0.0061330451167191935
ClinTox,mr8c_audit_card_acquisition,conformal_only,0.3,15,35,0.2857142857142857,0.34,0.7363825993330336,0.8154678195331236,0.024799505914375686
ClinTox,mr8c_audit_card_acquisition,conformal_only,0.4,20,30,0.23333333333333334,0.34,0.6983608250274618,0.8154678195331236,0.010440327838995178
Skin Reaction,mr8c_audit_card_acquisition,audit_card,0.0,0,50,0.66,0.66,0.5585712003582856,0.5585712003582856,0.0
Skin Reaction,mr8c_audit_card_acquisition,audit_card,0.1,5,45,0.7111111111111111,0.66,0.5364662357982442,0.5585712003582856,0.07321607567115251
Skin Reaction,mr8c_audit_card_acquisition,audit_card,0.2,10,40,0.7,0.66,0.5224876627556065,0.5585712003582856,0.07608353760267894
Skin Reaction,mr8c_audit_card_acquisition,audit_card,0.3,15,35,0.7142857142857143,0.66,0.5072531060462729,0.5585712003582856,0.10560380859772689
Skin Reaction,mr8c_audit_card_acquisition,audit_card,0.4,20,30,0.7,0.66,0.49112581290062673,0.5585712003582856,0.10744538745765875
Skin Reaction,mr8c_audit_card_acquisition,ad_distance,0.0,0,50,0.66,0.66,0.6506832521732387,0.6506832521732387,0.0
Skin Reaction,mr8c_audit_card_acquisition,ad_distance,0.1,5,45,0.6666666666666666,0.66,0.6353804444921255,0.6506832521732387,0.02196947434777985
Skin Reaction,mr8c_audit_card_acquisition,ad_distance,0.2,10,40,0.675,0.66,0.6183117135623546,0.6506832521732387,0.04737153861088417
Skin Reaction,mr8c_audit_card_acquisition,ad_distance,0.3,15,35,0.6571428571428571,0.66,0.6002960406735296,0.6506832521732387,0.04753006864256626
Skin Reaction,mr8c_audit_card_acquisition,ad_distance,0.4,20,30,0.6333333333333333,0.66,0.5787869897151983,0.6506832521732387,0.045229595791373756
Skin Reaction,mr8c_audit_card_acquisition,uncertainty_only,0.0,0,50,0.66,0.66,0.7365023636927005,0.7365023636927005,0.0
Skin Reaction,mr8c_audit_card_acquisition,uncertainty_only,0.1,5,45,0.6666666666666666,0.66,0.7109839066724015,0.7365023636927005,0.03218512368696558
Skin Reaction,mr8c_audit_card_acquisition,uncertainty_only,0.2,10,40,0.7,0.66,0.6821254830767733,0.7365023636927005,0.09437688061592708
Skin Reaction,mr8c_audit_card_acquisition,uncertainty_only,0.3,15,35,0.7428571428571429,0.66,0.6504589122494936,0.7365023636927005,0.16890059430034976
Skin Reaction,mr8c_audit_card_acquisition,uncertainty_only,0.4,20,30,0.7,0.66,0.6160106573535458,0.7365023636927005,0.16049170633915466
Skin Reaction,mr8c_audit_card_acquisition,conformal_only,0.0,0,50,0.66,0.66,0.5763814595715306,0.5763814595715308,1.1102230246251565e-16
Skin Reaction,mr8c_audit_card_acquisition,conformal_only,0.1,5,45,0.6666666666666666,0.66,0.5564108984050627,0.5763814595715308,0.026637227833134602
Skin Reaction,mr8c_audit_card_acquisition,conformal_only,0.2,10,40,0.7,0.66,0.5338265033875311,0.5763814595715308,0.08255495618399955
Skin Reaction,mr8c_audit_card_acquisition,conformal_only,0.3,15,35,0.7428571428571429,0.66,0.5090444725172701,0.5763814595715308,0.15019412991140346
Skin Reaction,mr8c_audit_card_acquisition,conformal_only,0.4,20,30,0.7,0.66,0.4820855156755471,0.5763814595715308,0.1342959438959836
Carcinogens_Lagunin,mr8c_audit_card_acquisition,audit_card,0.0,0,50,0.18,0.18,0.4997007640697384,0.49970076406973846,5.551115123125783e-17
Carcinogens_Lagunin,mr8c_audit_card_acquisition,audit_card,0.1,5,45,0.2,0.18,0.4735278798649867,0.49970076406973846,0.046172884204751796
Carcinogens_Lagunin,mr8c_audit_card_acquisition,audit_card,0.2,10,40,0.2,0.18,0.4502996198507244,0.49970076406973846,0.06940114421901405
Carcinogens_Lagunin,mr8c_audit_card_acquisition,audit_card,0.3,15,35,0.17142857142857143,0.18,0.425680443350569,0.49970076406973846,0.06544889214774091
Carcinogens_Lagunin,mr8c_audit_card_acquisition,audit_card,0.4,20,30,0.2,0.18,0.39925110586143336,0.49970076406973846,0.12044965820830511
Carcinogens_Lagunin,mr8c_audit_card_acquisition,ad_distance,0.0,0,50,0.18,0.18,0.6440737225904931,0.644073722590493,-1.1102230246251565e-16
Carcinogens_Lagunin,mr8c_audit_card_acquisition,ad_distance,0.1,5,45,0.17777777777777778,0.18,0.6272751975057942,0.644073722590493,0.014576302862476603
Carcinogens_Lagunin,mr8c_audit_card_acquisition,ad_distance,0.2,10,40,0.175,0.18,0.6118993578125694,0.644073722590493,0.027174364777923565
Carcinogens_Lagunin,mr8c_audit_card_acquisition,ad_distance,0.3,15,35,0.2,0.18,0.595159038142519,0.644073722590493,0.068914684447974
Carcinogens_Lagunin,mr8c_audit_card_acquisition,ad_distance,0.4,20,30,0.23333333333333334,0.18,0.5766158412559893,0.644073722590493,0.12079121466783704
Carcinogens_Lagunin,mr8c_audit_card_acquisition,uncertainty_only,0.0,0,50,0.18,0.18,0.41323015336170515,0.41323015336170515,0.0
Carcinogens_Lagunin,mr8c_audit_card_acquisition,uncertainty_only,0.1,5,45,0.17777777777777778,0.18,0.36076127956219917,0.41323015336170515,0.05024665157728378
Carcinogens_Lagunin,mr8c_audit_card_acquisition,uncertainty_only,0.2,10,40,0.175,0.18,0.3083608684353611,0.41323015336170515,0.09986928492634406
Carcinogens_Lagunin,mr8c_audit_card_acquisition,uncertainty_only,0.3,15,35,0.17142857142857143,0.18,0.2638563922178148,0.41323015336170515,0.14080233257246177
Carcinogens_Lagunin,mr8c_audit_card_acquisition,uncertainty_only,0.4,20,30,0.16666666666666666,0.18,0.2311516275455783,0.41323015336170515,0.16874519248279352
Carcinogens_Lagunin,mr8c_audit_card_acquisition,conformal_only,0.0,0,50,0.18,0.18,0.5056005056359029,0.5056005056359028,-1.1102230246251565e-16
Carcinogens_Lagunin,mr8c_audit_card_acquisition,conformal_only,0.1,5,45,0.17777777777777778,0.18,0.45066722848433644,0.5056005056359028,0.05271105492934411
Carcinogens_Lagunin,mr8c_audit_card_acquisition,conformal_only,0.2,10,40,0.175,0.18,0.38651189120109447,0.5056005056359028,0.11408861443480828
Carcinogens_Lagunin,mr8c_audit_card_acquisition,conformal_only,0.3,15,35,0.17142857142857143,0.18,0.3307281941417391,0.5056005056359028,0.1663008829227351
Carcinogens_Lagunin,mr8c_audit_card_acquisition,conformal_only,0.4,20,30,0.16666666666666666,0.18,0.2897347292157488,0.5056005056359028,0.20253244308682064
CYP2C19_Veith,mr8c_audit_card_acquisition,audit_card,0.0,0,50,0.98,0.98,0.2678059208881723,0.26780592088817234,5.551115123125783e-17
CYP2C19_Veith,mr8c_audit_card_acquisition,audit_card,0.1,5,45,0.9777777777777777,0.98,0.2559098627714778,0.26780592088817234,0.009673835894472294
CYP2C19_Veith,mr8c_audit_card_acquisition,audit_card,0.2,10,40,0.975,0.98,0.2458601031671989,0.26780592088817234,0.01694581772097345
CYP2C19_Veith,mr8c_audit_card_acquisition,audit_card,0.3,15,35,0.9714285714285714,0.98,0.23454425951720853,0.26780592088817234,0.02469023279953525
CYP2C19_Veith,mr8c_audit_card_acquisition,audit_card,0.4,20,30,1.0,0.98,0.22122017461974972,0.26780592088817234,0.06658574626842265
CYP2C19_Veith,mr8c_audit_card_acquisition,ad_distance,0.0,0,50,0.98,0.98,0.3218256354632345,0.3218256354632345,0.0
CYP2C19_Veith,mr8c_audit_card_acquisition,ad_distance,0.1,5,45,1.0,0.98,0.2967637972330344,0.3218256354632345,0.0450618382302001
CYP2C19_Veith,mr8c_audit_card_acquisition,ad_distance,0.2,10,40,1.0,0.98,0.27461641990901625,0.3218256354632345,0.06720921555421827
CYP2C19_Veith,mr8c_audit_card_acquisition,ad_distance,0.3,15,35,1.0,0.98,0.2514211860437557,0.3218256354632345,0.09040444941947884
CYP2C19_Veith,mr8c_audit_card_acquisition,ad_distance,0.4,20,30,1.0,0.98,0.227461074059874,0.3218256354632345,0.11436456140336052
CYP2C19_Veith,mr8c_audit_card_acquisition,uncertainty_only,0.0,0,50,0.98,0.98,0.3115339813868636,0.3115339813868636,0.0
CYP2C19_Veith,mr8c_audit_card_acquisition,uncertainty_only,0.1,5,45,0.9777777777777777,0.98,0.298721268352696,0.3115339813868636,0.010590490811945352
CYP2C19_Veith,mr8c_audit_card_acquisition,uncertainty_only,0.2,10,40,0.975,0.98,0.2865436210612791,0.3115339813868636,0.01999036032558449
CYP2C19_Veith,mr8c_audit_card_acquisition,uncertainty_only,0.3,15,35,0.9714285714285714,0.98,0.27328379076322845,0.3115339813868636,0.029678762052206598
CYP2C19_Veith,mr8c_audit_card_acquisition,uncertainty_only,0.4,20,30,0.9666666666666667,0.98,0.26009445811728094,0.3115339813868636,0.03810618993624937
CYP2C19_Veith,mr8c_audit_card_acquisition,conformal_only,0.0,0,50,0.98,0.98,0.2510088958300086,0.2510088958300086,0.0
CYP2C19_Veith,mr8c_audit_card_acquisition,conformal_only,0.1,5,45,0.9777777777777777,0.98,0.2406854475275925,0.2510088958300086,0.008101226080193896
CYP2C19_Veith,mr8c_audit_card_acquisition,conformal_only,0.2,10,40,0.975,0.98,0.23087368385796556,0.2510088958300086,0.015135211972043067
CYP2C19_Veith,mr8c_audit_card_acquisition,conformal_only,0.3,15,35,0.9714285714285714,0.98,0.2201899846120914,0.2510088958300086,0.022247482646488653
CYP2C19_Veith,mr8c_audit_card_acquisition,conformal_only,0.4,20,30,0.9666666666666667,0.98,0.20956308667480736,0.2510088958300086,0.02811247582186796
CYP1A2_Veith,mr8c_audit_card_acquisition,audit_card,0.0,0,50,1.0,1.0,0.13574360517055703,0.13574360517055703,0.0
CYP1A2_Veith,mr8c_audit_card_acquisition,audit_card,0.1,5,45,1.0,1.0,0.1297540875928813,0.13574360517055703,0.00598951757767574
CYP1A2_Veith,mr8c_audit_card_acquisition,audit_card,0.2,10,40,1.0,1.0,0.12387852259525464,0.13574360517055703,0.011865082575302388
CYP1A2_Veith,mr8c_audit_card_acquisition,audit_card,0.3,15,35,1.0,1.0,0.11734138546172791,0.13574360517055703,0.018402219708829118
CYP1A2_Veith,mr8c_audit_card_acquisition,audit_card,0.4,20,30,1.0,1.0,0.110250555978116,0.13574360517055703,0.025493049192441025
CYP1A2_Veith,mr8c_audit_card_acquisition,ad_distance,0.0,0,50,1.0,1.0,0.24376039585464354,0.24376039585464354,0.0
CYP1A2_Veith,mr8c_audit_card_acquisition,ad_distance,0.1,5,45,1.0,1.0,0.23179884801467873,0.24376039585464354,0.011961547839964809
CYP1A2_Veith,mr8c_audit_card_acquisition,ad_distance,0.2,10,40,1.0,1.0,0.22095653218941097,0.24376039585464354,0.02280386366523257
CYP1A2_Veith,mr8c_audit_card_acquisition,ad_distance,0.3,15,35,1.0,1.0,0.2086762405924525,0.24376039585464354,0.03508415526219105
CYP1A2_Veith,mr8c_audit_card_acquisition,ad_distance,0.4,20,30,1.0,1.0,0.19541511327974098,0.24376039585464354,0.04834528257490256
CYP1A2_Veith,mr8c_audit_card_acquisition,uncertainty_only,0.0,0,50,1.0,1.0,0.07766917224422575,0.07766917224422575,0.0
CYP1A2_Veith,mr8c_audit_card_acquisition,uncertainty_only,0.1,5,45,1.0,1.0,0.06947238073407673,0.07766917224422575,0.008196791510149015
CYP1A2_Veith,mr8c_audit_card_acquisition,uncertainty_only,0.2,10,40,1.0,1.0,0.06167966044881505,0.07766917224422575,0.015989511795410694
CYP1A2_Veith,mr8c_audit_card_acquisition,uncertainty_only,0.3,15,35,1.0,1.0,0.05365344667459712,0.07766917224422575,0.024015725569628624
CYP1A2_Veith,mr8c_audit_card_acquisition,uncertainty_only,0.4,20,30,1.0,1.0,0.04571309661246321,0.07766917224422575,0.03195607563176254
CYP1A2_Veith,mr8c_audit_card_acquisition,conformal_only,0.0,0,50,1.0,1.0,0.06634133974910993,0.06634133974910994,1.3877787807814457e-17
CYP1A2_Veith,mr8c_audit_card_acquisition,conformal_only,0.1,5,45,1.0,1.0,0.059340027456022584,0.06634133974910994,0.007001312293087356
CYP1A2_Veith,mr8c_audit_card_acquisition,conformal_only,0.2,10,40,1.0,1.0,0.052683853724844965,0.06634133974910994,0.013657486024264975
CYP1A2_Veith,mr8c_audit_card_acquisition,conformal_only,0.3,15,35,1.0,1.0,0.045828240879892,0.06634133974910994,0.02051309886921794
CYP1A2_Veith,mr8c_audit_card_acquisition,conformal_only,0.4,20,30,1.0,1.0,0.03904596876371073,0.06634133974910994,0.027295370985399213
Bioavailability_Ma,mr8c_audit_card_acquisition,audit_card,0.0,0,50,0.86,0.86,0.42449241061540305,0.42449241061540305,0.0
Bioavailability_Ma,mr8c_audit_card_acquisition,audit_card,0.1,5,45,0.9333333333333333,0.86,0.40246280938580525,0.42449241061540305,0.09536293456293116
Bioavailability_Ma,mr8c_audit_card_acquisition,audit_card,0.2,10,40,0.925,0.86,0.38922591024648917,0.42449241061540305,0.10026650036891394
Bioavailability_Ma,mr8c_audit_card_acquisition,audit_card,0.3,15,35,0.9142857142857143,0.86,0.37778791986606947,0.42449241061540305,0.10099020503504785
Bioavailability_Ma,mr8c_audit_card_acquisition,audit_card,0.4,20,30,0.9333333333333333,0.86,0.3661118748922877,0.42449241061540305,0.13171386905644872
Bioavailability_Ma,mr8c_audit_card_acquisition,ad_distance,0.0,0,50,0.86,0.86,0.5755371514499915,0.5755371514499915,0.0
Bioavailability_Ma,mr8c_audit_card_acquisition,ad_distance,0.1,5,45,0.8666666666666667,0.86,0.5544564238649995,0.5755371514499915,0.02774739425165873
Bioavailability_Ma,mr8c_audit_card_acquisition,ad_distance,0.2,10,40,0.875,0.86,0.5313438513210363,0.5755371514499915,0.059193300128955184
Bioavailability_Ma,mr8c_audit_card_acquisition,ad_distance,0.3,15,35,0.8571428571428571,0.86,0.5051705207281352,0.5755371514499915,0.06750948786471345
Bioavailability_Ma,mr8c_audit_card_acquisition,ad_distance,0.4,20,30,0.8666666666666667,0.86,0.48190618047279954,0.5755371514499915,0.10029763764385868
Bioavailability_Ma,mr8c_audit_card_acquisition,uncertainty_only,0.0,0,50,0.86,0.86,0.43995139213364,0.43995139213364,0.0
Bioavailability_Ma,mr8c_audit_card_acquisition,uncertainty_only,0.1,5,45,0.8444444444444444,0.86,0.42428617539320673,0.43995139213364,0.00010966118487770737
Bioavailability_Ma,mr8c_audit_card_acquisition,uncertainty_only,0.2,10,40,0.875,0.86,0.40851213847505957,0.43995139213364,0.046439253658580426
Bioavailability_Ma,mr8c_audit_card_acquisition,uncertainty_only,0.3,15,35,0.8571428571428571,0.86,0.3914234763070234,0.43995139213364,0.045670772969473694
Bioavailability_Ma,mr8c_audit_card_acquisition,uncertainty_only,0.4,20,30,0.8666666666666667,0.86,0.37269094673368625,0.43995139213364,0.07392711206662045
Bioavailability_Ma,mr8c_audit_card_acquisition,conformal_only,0.0,0,50,0.86,0.86,0.35512844429496854,0.3551284442949684,-1.1102230246251565e-16
Bioavailability_Ma,mr8c_audit_card_acquisition,conformal_only,0.1,5,45,0.8444444444444444,0.86,0.3424834927161276,0.3551284442949684,-0.0029106039767147207
Bioavailability_Ma,mr8c_audit_card_acquisition,conformal_only,0.2,10,40,0.875,0.86,0.32975070156884695,0.3551284442949684,0.04037774272612149
Bioavailability_Ma,mr8c_audit_card_acquisition,conformal_only,0.3,15,35,0.8571428571428571,0.86,0.31595674587436523,0.3551284442949684,0.036314555563460305
Bioavailability_Ma,mr8c_audit_card_acquisition,conformal_only,0.4,20,30,0.8666666666666667,0.86,0.3008358616038866,0.3551284442949684,0.060959249357748546
CYP2C9_Substrate_CarbonMangels,mr8c_audit_card_acquisition,audit_card,0.0,0,50,0.24,0.24,0.5228710752709111,0.5228710752709113,1.1102230246251565e-16
CYP2C9_Substrate_CarbonMangels,mr8c_audit_card_acquisition,audit_card,0.1,5,45,0.2222222222222222,0.24,0.503413570436797,0.5228710752709113,0.0016797270563364552
CYP2C9_Substrate_CarbonMangels,mr8c_audit_card_acquisition,audit_card,0.2,10,40,0.225,0.24,0.4921575630382421,0.5228710752709113,0.015713512232669175
CYP2C9_Substrate_CarbonMangels,mr8c_audit_card_acquisition,audit_card,0.3,15,35,0.17142857142857143,0.24,0.48182703063373516,0.5228710752709113,-0.02752738393425247
CYP2C9_Substrate_CarbonMangels,mr8c_audit_card_acquisition,audit_card,0.4,20,30,0.2,0.24,0.4724125003577583,0.5228710752709113,0.010458574913152996
CYP2C9_Substrate_CarbonMangels,mr8c_audit_card_acquisition,ad_distance,0.0,0,50,0.24,0.24,0.5724701199507362,0.5724701199507362,0.0
CYP2C9_Substrate_CarbonMangels,mr8c_audit_card_acquisition,ad_distance,0.1,5,45,0.2222222222222222,0.24,0.5534546279664089,0.5724701199507362,0.0012377142065495006
CYP2C9_Substrate_CarbonMangels,mr8c_audit_card_acquisition,ad_distance,0.2,10,40,0.25,0.24,0.534087811600201,0.5724701199507362,0.04838230835053514
CYP2C9_Substrate_CarbonMangels,mr8c_audit_card_acquisition,ad_distance,0.3,15,35,0.2571428571428571,0.24,0.5135678900183345,0.5724701199507362,0.07604508707525881
CYP2C9_Substrate_CarbonMangels,mr8c_audit_card_acquisition,ad_distance,0.4,20,30,0.26666666666666666,0.24,0.48915466957566844,0.5724701199507362,0.10998211704173438
CYP2C9_Substrate_CarbonMangels,mr8c_audit_card_acquisition,uncertainty_only,0.0,0,50,0.24,0.24,0.7508451769915426,0.7508451769915426,0.0
CYP2C9_Substrate_CarbonMangels,mr8c_audit_card_acquisition,uncertainty_only,0.1,5,45,0.24444444444444444,0.24,0.7276568958973406,0.7508451769915426,0.027632725538646458
CYP2C9_Substrate_CarbonMangels,mr8c_audit_card_acquisition,uncertainty_only,0.2,10,40,0.2,0.24,0.7081692241407985,0.7508451769915426,0.0026759528507441233
CYP2C9_Substrate_CarbonMangels,mr8c_audit_card_acquisition,uncertainty_only,0.3,15,35,0.2,0.24,0.6887994869297014,0.7508451769915426,0.02204569006184126
CYP2C9_Substrate_CarbonMangels,mr8c_audit_card_acquisition,uncertainty_only,0.4,20,30,0.13333333333333333,0.24,0.6706662784645737,0.7508451769915426,-0.026487768139697748
CYP2C9_Substrate_CarbonMangels,mr8c_audit_card_acquisition,conformal_only,0.0,0,50,0.24,0.24,0.5354822704519425,0.5354822704519424,-1.1102230246251565e-16
CYP2C9_Substrate_CarbonMangels,mr8c_audit_card_acquisition,conformal_only,0.1,5,45,0.24444444444444444,0.24,0.5189450217771189,0.5354822704519424,0.02098169311926798
CYP2C9_Substrate_CarbonMangels,mr8c_audit_card_acquisition,conformal_only,0.2,10,40,0.2,0.24,0.5050469465975895,0.5354822704519424,-0.0095646761456471
CYP2C9_Substrate_CarbonMangels,mr8c_audit_card_acquisition,conformal_only,0.3,15,35,0.2,0.24,0.4912329791144202,0.5354822704519424,0.004249291337522221
CYP2C9_Substrate_CarbonMangels,mr8c_audit_card_acquisition,conformal_only,0.4,20,30,0.13333333333333333,0.24,0.47830087015636485,0.5354822704519424,-0.049485266371089104
CYP2D6_Substrate_CarbonMangels,mr8c_audit_card_acquisition,audit_card,0.0,0,50,0.42,0.42,0.5585689640869722,0.5585689640869721,-1.1102230246251565e-16
CYP2D6_Substrate_CarbonMangels,mr8c_audit_card_acquisition,audit_card,0.1,5,45,0.4,0.42,0.5413429446839502,0.5585689640869721,-0.002773980596978032
CYP2D6_Substrate_CarbonMangels,mr8c_audit_card_acquisition,audit_card,0.2,10,40,0.425,0.42,0.529898236701486,0.5585689640869721,0.033670727385486154
CYP2D6_Substrate_CarbonMangels,mr8c_audit_card_acquisition,audit_card,0.3,15,35,0.42857142857142855,0.42,0.5189549990018073,0.5585689640869721,0.048185393656593356
CYP2D6_Substrate_CarbonMangels,mr8c_audit_card_acquisition,audit_card,0.4,20,30,0.43333333333333335,0.42,0.506886471475336,0.5585689640869721,0.06501582594496941
CYP2D6_Substrate_CarbonMangels,mr8c_audit_card_acquisition,ad_distance,0.0,0,50,0.42,0.42,0.5687906399209502,0.5687906399209501,-1.1102230246251565e-16
CYP2D6_Substrate_CarbonMangels,mr8c_audit_card_acquisition,ad_distance,0.1,5,45,0.4444444444444444,0.42,0.5518478738949619,0.5687906399209501,0.041387210470432645
CYP2D6_Substrate_CarbonMangels,mr8c_audit_card_acquisition,ad_distance,0.2,10,40,0.5,0.42,0.537117441859932,0.5687906399209501,0.11167319806101811
CYP2D6_Substrate_CarbonMangels,mr8c_audit_card_acquisition,ad_distance,0.3,15,35,0.42857142857142855,0.42,0.5207093976219811,0.5687906399209501,0.0566526708703976
CYP2D6_Substrate_CarbonMangels,mr8c_audit_card_acquisition,ad_distance,0.4,20,30,0.43333333333333335,0.42,0.5013083661558542,0.5687906399209501,0.08081560709842933
CYP2D6_Substrate_CarbonMangels,mr8c_audit_card_acquisition,uncertainty_only,0.0,0,50,0.42,0.42,0.8685641659209945,0.8685641659209946,1.1102230246251565e-16
CYP2D6_Substrate_CarbonMangels,mr8c_audit_card_acquisition,uncertainty_only,0.1,5,45,0.37777777777777777,0.42,0.8552916094991937,0.8685641659209946,-0.028949665800421298
CYP2D6_Substrate_CarbonMangels,mr8c_audit_card_acquisition,uncertainty_only,0.2,10,40,0.425,0.42,0.8405528781501367,0.8685641659209946,0.03301128777085793
CYP2D6_Substrate_CarbonMangels,mr8c_audit_card_acquisition,uncertainty_only,0.3,15,35,0.45714285714285713,0.42,0.8230727600347428,0.8685641659209946,0.08263426302910892
CYP2D6_Substrate_CarbonMangels,mr8c_audit_card_acquisition,uncertainty_only,0.4,20,30,0.43333333333333335,0.42,0.8044073938197439,0.8685641659209946,0.07749010543458407
CYP2D6_Substrate_CarbonMangels,mr8c_audit_card_acquisition,conformal_only,0.0,0,50,0.42,0.42,0.7347213464229583,0.7347213464229586,3.3306690738754696e-16
CYP2D6_Substrate_CarbonMangels,mr8c_audit_card_acquisition,conformal_only,0.1,5,45,0.37777777777777777,0.42,0.723494046348519,0.7347213464229586,-0.0309949221477826
CYP2D6_Substrate_CarbonMangels,mr8c_audit_card_acquisition,conformal_only,0.2,10,40,0.425,0.42,0.7110265039766057,0.7347213464229586,0.028694842446352897
CYP2D6_Substrate_CarbonMangels,mr8c_audit_card_acquisition,conformal_only,0.3,15,35,0.45714285714285713,0.42,0.6962400133276896,0.7347213464229586,0.07562419023812617
CYP2D6_Substrate_CarbonMangels,mr8c_audit_card_acquisition,conformal_only,0.4,20,30,0.43333333333333335,0.42,0.6804509173287544,0.7347213464229586,0.06760376242753757
CYP3A4_Substrate_CarbonMangels,mr8c_audit_card_acquisition,audit_card,0.0,0,50,0.68,0.68,0.4796174606510915,0.4796174606510916,1.1102230246251565e-16
CYP3A4_Substrate_CarbonMangels,mr8c_audit_card_acquisition,audit_card,0.1,5,45,0.6888888888888889,0.68,0.46669098020657224,0.4796174606510916,0.02181536933340822
CYP3A4_Substrate_CarbonMangels,mr8c_audit_card_acquisition,audit_card,0.2,10,40,0.7,0.68,0.4548256515690275,0.4796174606510916,0.04479180908206404
CYP3A4_Substrate_CarbonMangels,mr8c_audit_card_acquisition,audit_card,0.3,15,35,0.7142857142857143,0.68,0.4426689080097791,0.4796174606510916,0.07123426692702678
CYP3A4_Substrate_CarbonMangels,mr8c_audit_card_acquisition,audit_card,0.4,20,30,0.7666666666666667,0.68,0.4301218145554646,0.4796174606510916,0.13616231276229368
CYP3A4_Substrate_CarbonMangels,mr8c_audit_card_acquisition,ad_distance,0.0,0,50,0.68,0.68,0.5274198857918198,0.5274198857918196,-1.1102230246251565e-16
CYP3A4_Substrate_CarbonMangels,mr8c_audit_card_acquisition,ad_distance,0.1,5,45,0.6666666666666666,0.68,0.5063915044220542,0.5274198857918196,0.007695048036432062
CYP3A4_Substrate_CarbonMangels,mr8c_audit_card_acquisition,ad_distance,0.2,10,40,0.65,0.68,0.48432947147859406,0.5274198857918196,0.013090414313225551
CYP3A4_Substrate_CarbonMangels,mr8c_audit_card_acquisition,ad_distance,0.3,15,35,0.6857142857142857,0.68,0.4623987651938884,0.5274198857918196,0.07073540631221692
CYP3A4_Substrate_CarbonMangels,mr8c_audit_card_acquisition,ad_distance,0.4,20,30,0.6666666666666666,0.68,0.441561918129748,0.5274198857918196,0.07252463432873824
CYP3A4_Substrate_CarbonMangels,mr8c_audit_card_acquisition,uncertainty_only,0.0,0,50,0.68,0.68,0.6979554756652245,0.6979554756652249,3.3306690738754696e-16
CYP3A4_Substrate_CarbonMangels,mr8c_audit_card_acquisition,uncertainty_only,0.1,5,45,0.7111111111111111,0.68,0.6741621630886462,0.6979554756652249,0.054904423687689774
CYP3A4_Substrate_CarbonMangels,mr8c_audit_card_acquisition,uncertainty_only,0.2,10,40,0.725,0.68,0.6510505438066166,0.6979554756652249,0.09190493185860815
CYP3A4_Substrate_CarbonMangels,mr8c_audit_card_acquisition,uncertainty_only,0.3,15,35,0.7428571428571429,0.68,0.6277524426917955,0.6979554756652249,0.13306017583057217
CYP3A4_Substrate_CarbonMangels,mr8c_audit_card_acquisition,uncertainty_only,0.4,20,30,0.7666666666666667,0.68,0.6021777016474721,0.6979554756652249,0.18244444068441945
CYP3A4_Substrate_CarbonMangels,mr8c_audit_card_acquisition,conformal_only,0.0,0,50,0.68,0.68,0.5578964312846649,0.5578964312846649,0.0
CYP3A4_Substrate_CarbonMangels,mr8c_audit_card_acquisition,conformal_only,0.1,5,45,0.7111111111111111,0.68,0.5388777336202302,0.5578964312846649,0.05012980877554585
CYP3A4_Substrate_CarbonMangels,mr8c_audit_card_acquisition,conformal_only,0.2,10,40,0.725,0.68,0.5204039335452827,0.5578964312846649,0.08249249773938216
CYP3A4_Substrate_CarbonMangels,mr8c_audit_card_acquisition,conformal_only,0.3,15,35,0.7428571428571429,0.68,0.5017810730321826,0.5578964312846649,0.1189725011096252
CYP3A4_Substrate_CarbonMangels,mr8c_audit_card_acquisition,conformal_only,0.4,20,30,0.7666666666666667,0.68,0.481338426965027,0.5578964312846649,0.1632246709863046
